[
	{
		"customerNumber" : 103,
		"customerName" : "Atelier graphique",
		"contactLastName" : "Schmitt",
		"contactFirstName" : "Carine ",
		"phone" : "40.32.2555",
		"addressLine1" : "54, rue Royale",
		"addressLine2" : null,
		"city" : "Nantes",
		"state" : null,
		"postalCode" : "44000",
		"country" : "France",
		"salesRepEmployeeNumber" : 1370,
		"creditLimit" : 21000.00
	},
	{
		"customerNumber" : 112,
		"customerName" : "Signal Gift Stores",
		"contactLastName" : "King",
		"contactFirstName" : "Jean",
		"phone" : "7025551838",
		"addressLine1" : "8489 Strong St.",
		"addressLine2" : null,
		"city" : "Las Vegas",
		"state" : "NV",
		"postalCode" : "83030",
		"country" : "USA",
		"salesRepEmployeeNumber" : 1166,
		"creditLimit" : 71800.00
	},
	{
		"customerNumber" : 114,
		"customerName" : "Australian Collectors, Co.",
		"contactLastName" : "Ferguson",
		"contactFirstName" : "Peter",
		"phone" : "03 9520 4555",
		"addressLine1" : "636 St Kilda Road",
		"addressLine2" : "Level 3",
		"city" : "Melbourne",
		"state" : "Victoria",
		"postalCode" : "3004",
		"country" : "Australia",
		"salesRepEmployeeNumber" : 1611,
		"creditLimit" : 117300.00
	},
	{
		"customerNumber" : 119,
		"customerName" : "La Rochelle Gifts",
		"contactLastName" : "Labrune",
		"contactFirstName" : "Janine ",
		"phone" : "40.67.8555",
		"addressLine1" : "67, rue des Cinquante Otages",
		"addressLine2" : null,
		"city" : "Nantes",
		"state" : null,
		"postalCode" : "44000",
		"country" : "France",
		"salesRepEmployeeNumber" : 1370,
		"creditLimit" : 118200.00
	},
	{
		"customerNumber" : 121,
		"customerName" : "Baane Mini Imports",
		"contactLastName" : "Bergulfsen",
		"contactFirstName" : "Jonas ",
		"phone" : "07-98 9555",
		"addressLine1" : "Erling Skakkes gate 78",
		"addressLine2" : null,
		"city" : "Stavern",
		"state" : null,
		"postalCode" : "4110",
		"country" : "Norway",
		"salesRepEmployeeNumber" : 1504,
		"creditLimit" : 81700.00
	},
	{
		"customerNumber" : 124,
		"customerName" : "Mini Gifts Distributors Ltd.",
		"contactLastName" : "Nelson",
		"contactFirstName" : "Susan",
		"phone" : "4155551450",
		"addressLine1" : "5677 Strong St.",
		"addressLine2" : null,
		"city" : "San Rafael",
		"state" : "CA",
		"postalCode" : "97562",
		"country" : "USA",
		"salesRepEmployeeNumber" : 1165,
		"creditLimit" : 210500.00
	},
	{
		"customerNumber" : 125,
		"customerName" : "Havel & Zbyszek Co",
		"contactLastName" : "Piestrzeniewicz",
		"contactFirstName" : "Zbyszek ",
		"phone" : "(26) 642-7555",
		"addressLine1" : "ul. Filtrowa 68",
		"addressLine2" : null,
		"city" : "Warszawa",
		"state" : null,
		"postalCode" : "01-012",
		"country" : "Poland",
		"salesRepEmployeeNumber" : null,
		"creditLimit" : 0.00
	},
	{
		"customerNumber" : 128,
		"customerName" : "Blauer See Auto, Co.",
		"contactLastName" : "Keitel",
		"contactFirstName" : "Roland",
		"phone" : "+49 69 66 90 2555",
		"addressLine1" : "Lyonerstr. 34",
		"addressLine2" : null,
		"city" : "Frankfurt",
		"state" : null,
		"postalCode" : "60528",
		"country" : "Germany",
		"salesRepEmployeeNumber" : 1504,
		"creditLimit" : 59700.00
	},
	{
		"customerNumber" : 129,
		"customerName" : "Mini Wheels Co.",
		"contactLastName" : "Murphy",
		"contactFirstName" : "Julie",
		"phone" : "6505555787",
		"addressLine1" : "5557 North Pendale Street",
		"addressLine2" : null,
		"city" : "San Francisco",
		"state" : "CA",
		"postalCode" : "94217",
		"country" : "USA",
		"salesRepEmployeeNumber" : 1165,
		"creditLimit" : 64600.00
	},
	{
		"customerNumber" : 131,
		"customerName" : "Land of Toys Inc.",
		"contactLastName" : "Lee",
		"contactFirstName" : "Kwai",
		"phone" : "2125557818",
		"addressLine1" : "897 Long Airport Avenue",
		"addressLine2" : null,
		"city" : "NYC",
		"state" : "NY",
		"postalCode" : "10022",
		"country" : "USA",
		"salesRepEmployeeNumber" : 1323,
		"creditLimit" : 114900.00
	},
	{
		"customerNumber" : 141,
		"customerName" : "Euro+ Shopping Channel",
		"contactLastName" : "Freyre",
		"contactFirstName" : "Diego ",
		"phone" : "(91) 555 94 44",
		"addressLine1" : "C/ Moralzarzal, 86",
		"addressLine2" : null,
		"city" : "Madrid",
		"state" : null,
		"postalCode" : "28034",
		"country" : "Spain",
		"salesRepEmployeeNumber" : 1370,
		"creditLimit" : 227600.00
	},
	{
		"customerNumber" : 144,
		"customerName" : "Volvo Model Replicas, Co",
		"contactLastName" : "Berglund",
		"contactFirstName" : "Christina ",
		"phone" : "0921-12 3555",
		"addressLine1" : "Berguvsvägen  8",
		"addressLine2" : null,
		"city" : "Luleå",
		"state" : null,
		"postalCode" : "S-958 22",
		"country" : "Sweden",
		"salesRepEmployeeNumber" : 1504,
		"creditLimit" : 53100.00
	},
	{
		"customerNumber" : 145,
		"customerName" : "Danish Wholesale Imports",
		"contactLastName" : "Petersen",
		"contactFirstName" : "Jytte ",
		"phone" : "31 12 3555",
		"addressLine1" : "Vinbæltet 34",
		"addressLine2" : null,
		"city" : "Kobenhavn",
		"state" : null,
		"postalCode" : "1734",
		"country" : "Denmark",
		"salesRepEmployeeNumber" : 1401,
		"creditLimit" : 83400.00
	},
	{
		"customerNumber" : 146,
		"customerName" : "Saveley & Henriot, Co.",
		"contactLastName" : "Saveley",
		"contactFirstName" : "Mary ",
		"phone" : "78.32.5555",
		"addressLine1" : "2, rue du Commerce",
		"addressLine2" : null,
		"city" : "Lyon",
		"state" : null,
		"postalCode" : "69004",
		"country" : "France",
		"salesRepEmployeeNumber" : 1337,
		"creditLimit" : 123900.00
	},
	{
		"customerNumber" : 148,
		"customerName" : "Dragon Souveniers, Ltd.",
		"contactLastName" : "Natividad",
		"contactFirstName" : "Eric",
		"phone" : "+65 221 7555",
		"addressLine1" : "Bronz Sok.",
		"addressLine2" : "Bronz Apt. 3/6 Tesvikiye",
		"city" : "Singapore",
		"state" : null,
		"postalCode" : "079903",
		"country" : "Singapore",
		"salesRepEmployeeNumber" : 1621,
		"creditLimit" : 103800.00
	},
	{
		"customerNumber" : 151,
		"customerName" : "Muscle Machine Inc",
		"contactLastName" : "Young",
		"contactFirstName" : "Jeff",
		"phone" : "2125557413",
		"addressLine1" : "4092 Furth Circle",
		"addressLine2" : "Suite 400",
		"city" : "NYC",
		"state" : "NY",
		"postalCode" : "10022",
		"country" : "USA",
		"salesRepEmployeeNumber" : 1286,
		"creditLimit" : 138500.00
	},
	{
		"customerNumber" : 157,
		"customerName" : "Diecast Classics Inc.",
		"contactLastName" : "Leong",
		"contactFirstName" : "Kelvin",
		"phone" : "2155551555",
		"addressLine1" : "7586 Pompton St.",
		"addressLine2" : null,
		"city" : "Allentown",
		"state" : "PA",
		"postalCode" : "70267",
		"country" : "USA",
		"salesRepEmployeeNumber" : 1216,
		"creditLimit" : 100600.00
	},
	{
		"customerNumber" : 161,
		"customerName" : "Technics Stores Inc.",
		"contactLastName" : "Hashimoto",
		"contactFirstName" : "Juri",
		"phone" : "6505556809",
		"addressLine1" : "9408 Furth Circle",
		"addressLine2" : null,
		"city" : "Burlingame",
		"state" : "CA",
		"postalCode" : "94217",
		"country" : "USA",
		"salesRepEmployeeNumber" : 1165,
		"creditLimit" : 84600.00
	},
	{
		"customerNumber" : 166,
		"customerName" : "Handji Gifts& Co",
		"contactLastName" : "Victorino",
		"contactFirstName" : "Wendy",
		"phone" : "+65 224 1555",
		"addressLine1" : "106 Linden Road Sandown",
		"addressLine2" : "2nd Floor",
		"city" : "Singapore",
		"state" : null,
		"postalCode" : "069045",
		"country" : "Singapore",
		"salesRepEmployeeNumber" : 1612,
		"creditLimit" : 97900.00
	},
	{
		"customerNumber" : 167,
		"customerName" : "Herkku Gifts",
		"contactLastName" : "Oeztan",
		"contactFirstName" : "Veysel",
		"phone" : "+47 2267 3215",
		"addressLine1" : "Brehmen St. 121",
		"addressLine2" : "PR 334 Sentrum",
		"city" : "Bergen",
		"state" : null,
		"postalCode" : "N 5804",
		"country" : "Norway  ",
		"salesRepEmployeeNumber" : 1504,
		"creditLimit" : 96800.00
	},
	{
		"customerNumber" : 168,
		"customerName" : "American Souvenirs Inc",
		"contactLastName" : "Franco",
		"contactFirstName" : "Keith",
		"phone" : "2035557845",
		"addressLine1" : "149 Spinnaker Dr.",
		"addressLine2" : "Suite 101",
		"city" : "New Haven",
		"state" : "CT",
		"postalCode" : "97823",
		"country" : "USA",
		"salesRepEmployeeNumber" : 1286,
		"creditLimit" : 0.00
	},
	{
		"customerNumber" : 169,
		"customerName" : "Porto Imports Co.",
		"contactLastName" : "de Castro",
		"contactFirstName" : "Isabel ",
		"phone" : "(1) 356-5555",
		"addressLine1" : "Estrada da saúde n. 58",
		"addressLine2" : null,
		"city" : "Lisboa",
		"state" : null,
		"postalCode" : "1756",
		"country" : "Portugal",
		"salesRepEmployeeNumber" : null,
		"creditLimit" : 0.00
	},
	{
		"customerNumber" : 171,
		"customerName" : "Daedalus Designs Imports",
		"contactLastName" : "Rancé",
		"contactFirstName" : "Martine ",
		"phone" : "20.16.1555",
		"addressLine1" : "184, chaussée de Tournai",
		"addressLine2" : null,
		"city" : "Lille",
		"state" : null,
		"postalCode" : "59000",
		"country" : "France",
		"salesRepEmployeeNumber" : 1370,
		"creditLimit" : 82900.00
	},
	{
		"customerNumber" : 172,
		"customerName" : "La Corne D'abondance, Co.",
		"contactLastName" : "Bertrand",
		"contactFirstName" : "Marie",
		"phone" : "(1) 42.34.2555",
		"addressLine1" : "265, boulevard Charonne",
		"addressLine2" : null,
		"city" : "Paris",
		"state" : null,
		"postalCode" : "75012",
		"country" : "France",
		"salesRepEmployeeNumber" : 1337,
		"creditLimit" : 84300.00
	},
	{
		"customerNumber" : 173,
		"customerName" : "Cambridge Collectables Co.",
		"contactLastName" : "Tseng",
		"contactFirstName" : "Jerry",
		"phone" : "6175555555",
		"addressLine1" : "4658 Baden Av.",
		"addressLine2" : null,
		"city" : "Cambridge",
		"state" : "MA",
		"postalCode" : "51247",
		"country" : "USA",
		"salesRepEmployeeNumber" : 1188,
		"creditLimit" : 43400.00
	},
	{
		"customerNumber" : 175,
		"customerName" : "Gift Depot Inc.",
		"contactLastName" : "King",
		"contactFirstName" : "Julie",
		"phone" : "2035552570",
		"addressLine1" : "25593 South Bay Ln.",
		"addressLine2" : null,
		"city" : "Bridgewater",
		"state" : "CT",
		"postalCode" : "97562",
		"country" : "USA",
		"salesRepEmployeeNumber" : 1323,
		"creditLimit" : 84300.00
	},
	{
		"customerNumber" : 177,
		"customerName" : "Osaka Souveniers Co.",
		"contactLastName" : "Kentary",
		"contactFirstName" : "Mory",
		"phone" : "+81 06 6342 5555",
		"addressLine1" : "1-6-20 Dojima",
		"addressLine2" : null,
		"city" : "Kita-ku",
		"state" : "Osaka",
		"postalCode" : " 530-0003",
		"country" : "Japan",
		"salesRepEmployeeNumber" : 1621,
		"creditLimit" : 81200.00
	},
	{
		"customerNumber" : 181,
		"customerName" : "Vitachrome Inc.",
		"contactLastName" : "Frick",
		"contactFirstName" : "Michael",
		"phone" : "2125551500",
		"addressLine1" : "2678 Kingston Rd.",
		"addressLine2" : "Suite 101",
		"city" : "NYC",
		"state" : "NY",
		"postalCode" : "10022",
		"country" : "USA",
		"salesRepEmployeeNumber" : 1286,
		"creditLimit" : 76400.00
	},
	{
		"customerNumber" : 186,
		"customerName" : "Toys of Finland, Co.",
		"contactLastName" : "Karttunen",
		"contactFirstName" : "Matti",
		"phone" : "90-224 8555",
		"addressLine1" : "Keskuskatu 45",
		"addressLine2" : null,
		"city" : "Helsinki",
		"state" : null,
		"postalCode" : "21240",
		"country" : "Finland",
		"salesRepEmployeeNumber" : 1501,
		"creditLimit" : 96500.00
	},
	{
		"customerNumber" : 187,
		"customerName" : "AV Stores, Co.",
		"contactLastName" : "Ashworth",
		"contactFirstName" : "Rachel",
		"phone" : "(171) 555-1555",
		"addressLine1" : "Fauntleroy Circus",
		"addressLine2" : null,
		"city" : "Manchester",
		"state" : null,
		"postalCode" : "EC2 5NT",
		"country" : "UK",
		"salesRepEmployeeNumber" : 1501,
		"creditLimit" : 136800.00
	},
	{
		"customerNumber" : 189,
		"customerName" : "Clover Collections, Co.",
		"contactLastName" : "Cassidy",
		"contactFirstName" : "Dean",
		"phone" : "+353 1862 1555",
		"addressLine1" : "25 Maiden Lane",
		"addressLine2" : "Floor No. 4",
		"city" : "Dublin",
		"state" : null,
		"postalCode" : "2",
		"country" : "Ireland",
		"salesRepEmployeeNumber" : 1504,
		"creditLimit" : 69400.00
	},
	{
		"customerNumber" : 198,
		"customerName" : "Auto-Moto Classics Inc.",
		"contactLastName" : "Taylor",
		"contactFirstName" : "Leslie",
		"phone" : "6175558428",
		"addressLine1" : "16780 Pompton St.",
		"addressLine2" : null,
		"city" : "Brickhaven",
		"state" : "MA",
		"postalCode" : "58339",
		"country" : "USA",
		"salesRepEmployeeNumber" : 1216,
		"creditLimit" : 23000.00
	},
	{
		"customerNumber" : 201,
		"customerName" : "UK Collectables, Ltd.",
		"contactLastName" : "Devon",
		"contactFirstName" : "Elizabeth",
		"phone" : "(171) 555-2282",
		"addressLine1" : "12, Berkeley Gardens Blvd",
		"addressLine2" : null,
		"city" : "Liverpool",
		"state" : null,
		"postalCode" : "WX1 6LT",
		"country" : "UK",
		"salesRepEmployeeNumber" : 1501,
		"creditLimit" : 92700.00
	},
	{
		"customerNumber" : 202,
		"customerName" : "Canadian Gift Exchange Network",
		"contactLastName" : "Tamuri",
		"contactFirstName" : "Yoshi ",
		"phone" : "(604) 555-3392",
		"addressLine1" : "1900 Oak St.",
		"addressLine2" : null,
		"city" : "Vancouver",
		"state" : "BC",
		"postalCode" : "V3F 2K1",
		"country" : "Canada",
		"salesRepEmployeeNumber" : 1323,
		"creditLimit" : 90300.00
	},
	{
		"customerNumber" : 204,
		"customerName" : "Online Mini Collectables",
		"contactLastName" : "Barajas",
		"contactFirstName" : "Miguel",
		"phone" : "6175557555",
		"addressLine1" : "7635 Spinnaker Dr.",
		"addressLine2" : null,
		"city" : "Brickhaven",
		"state" : "MA",
		"postalCode" : "58339",
		"country" : "USA",
		"salesRepEmployeeNumber" : 1188,
		"creditLimit" : 68700.00
	},
	{
		"customerNumber" : 205,
		"customerName" : "Toys4GrownUps.com",
		"contactLastName" : "Young",
		"contactFirstName" : "Julie",
		"phone" : "6265557265",
		"addressLine1" : "78934 Hillside Dr.",
		"addressLine2" : null,
		"city" : "Pasadena",
		"state" : "CA",
		"postalCode" : "90003",
		"country" : "USA",
		"salesRepEmployeeNumber" : 1166,
		"creditLimit" : 90700.00
	},
	{
		"customerNumber" : 206,
		"customerName" : "Asian Shopping Network, Co",
		"contactLastName" : "Walker",
		"contactFirstName" : "Brydey",
		"phone" : "+612 9411 1555",
		"addressLine1" : "Suntec Tower Three",
		"addressLine2" : "8 Temasek",
		"city" : "Singapore",
		"state" : null,
		"postalCode" : "038988",
		"country" : "Singapore",
		"salesRepEmployeeNumber" : null,
		"creditLimit" : 0.00
	},
	{
		"customerNumber" : 209,
		"customerName" : "Mini Caravy",
		"contactLastName" : "Citeaux",
		"contactFirstName" : "Frédérique ",
		"phone" : "88.60.1555",
		"addressLine1" : "24, place Kléber",
		"addressLine2" : null,
		"city" : "Strasbourg",
		"state" : null,
		"postalCode" : "67000",
		"country" : "France",
		"salesRepEmployeeNumber" : 1370,
		"creditLimit" : 53800.00
	},
	{
		"customerNumber" : 211,
		"customerName" : "King Kong Collectables, Co.",
		"contactLastName" : "Gao",
		"contactFirstName" : "Mike",
		"phone" : "+852 2251 1555",
		"addressLine1" : "Bank of China Tower",
		"addressLine2" : "1 Garden Road",
		"city" : "Central Hong Kong",
		"state" : null,
		"postalCode" : null,
		"country" : "Hong Kong",
		"salesRepEmployeeNumber" : 1621,
		"creditLimit" : 58600.00
	},
	{
		"customerNumber" : 216,
		"customerName" : "Enaco Distributors",
		"contactLastName" : "Saavedra",
		"contactFirstName" : "Eduardo ",
		"phone" : "(93) 203 4555",
		"addressLine1" : "Rambla de Cataluña, 23",
		"addressLine2" : null,
		"city" : "Barcelona",
		"state" : null,
		"postalCode" : "08022",
		"country" : "Spain",
		"salesRepEmployeeNumber" : 1702,
		"creditLimit" : 60300.00
	},
	{
		"customerNumber" : 219,
		"customerName" : "Boards & Toys Co.",
		"contactLastName" : "Young",
		"contactFirstName" : "Mary",
		"phone" : "3105552373",
		"addressLine1" : "4097 Douglas Av.",
		"addressLine2" : null,
		"city" : "Glendale",
		"state" : "CA",
		"postalCode" : "92561",
		"country" : "USA",
		"salesRepEmployeeNumber" : 1166,
		"creditLimit" : 11000.00
	},
	{
		"customerNumber" : 223,
		"customerName" : "Natürlich Autos",
		"contactLastName" : "Kloss",
		"contactFirstName" : "Horst ",
		"phone" : "0372-555188",
		"addressLine1" : "Taucherstraße 10",
		"addressLine2" : null,
		"city" : "Cunewalde",
		"state" : null,
		"postalCode" : "01307",
		"country" : "Germany",
		"salesRepEmployeeNumber" : null,
		"creditLimit" : 0.00
	},
	{
		"customerNumber" : 227,
		"customerName" : "Heintze Collectables",
		"contactLastName" : "Ibsen",
		"contactFirstName" : "Palle",
		"phone" : "86 21 3555",
		"addressLine1" : "Smagsloget 45",
		"addressLine2" : null,
		"city" : "Århus",
		"state" : null,
		"postalCode" : "8200",
		"country" : "Denmark",
		"salesRepEmployeeNumber" : 1401,
		"creditLimit" : 120800.00
	},
	{
		"customerNumber" : 233,
		"customerName" : "Québec Home Shopping Network",
		"contactLastName" : "Fresnière",
		"contactFirstName" : "Jean ",
		"phone" : "(514) 555-8054",
		"addressLine1" : "43 rue St. Laurent",
		"addressLine2" : null,
		"city" : "Montréal",
		"state" : "Québec",
		"postalCode" : "H1J 1C3",
		"country" : "Canada",
		"salesRepEmployeeNumber" : 1286,
		"creditLimit" : 48700.00
	},
	{
		"customerNumber" : 237,
		"customerName" : "ANG Resellers",
		"contactLastName" : "Camino",
		"contactFirstName" : "Alejandra ",
		"phone" : "(91) 745 6555",
		"addressLine1" : "Gran Vía, 1",
		"addressLine2" : null,
		"city" : "Madrid",
		"state" : null,
		"postalCode" : "28001",
		"country" : "Spain",
		"salesRepEmployeeNumber" : null,
		"creditLimit" : 0.00
	},
	{
		"customerNumber" : 239,
		"customerName" : "Collectable Mini Designs Co.",
		"contactLastName" : "Thompson",
		"contactFirstName" : "Valarie",
		"phone" : "7605558146",
		"addressLine1" : "361 Furth Circle",
		"addressLine2" : null,
		"city" : "San Diego",
		"state" : "CA",
		"postalCode" : "91217",
		"country" : "USA",
		"salesRepEmployeeNumber" : 1166,
		"creditLimit" : 105000.00
	},
	{
		"customerNumber" : 240,
		"customerName" : "giftsbymail.co.uk",
		"contactLastName" : "Bennett",
		"contactFirstName" : "Helen ",
		"phone" : "(198) 555-8888",
		"addressLine1" : "Garden House",
		"addressLine2" : "Crowther Way 23",
		"city" : "Cowes",
		"state" : "Isle of Wight",
		"postalCode" : "PO31 7PJ",
		"country" : "UK",
		"salesRepEmployeeNumber" : 1501,
		"creditLimit" : 93900.00
	},
	{
		"customerNumber" : 242,
		"customerName" : "Alpha Cognac",
		"contactLastName" : "Roulet",
		"contactFirstName" : "Annette ",
		"phone" : "61.77.6555",
		"addressLine1" : "1 rue Alsace-Lorraine",
		"addressLine2" : null,
		"city" : "Toulouse",
		"state" : null,
		"postalCode" : "31000",
		"country" : "France",
		"salesRepEmployeeNumber" : 1370,
		"creditLimit" : 61100.00
	},
	{
		"customerNumber" : 247,
		"customerName" : "Messner Shopping Network",
		"contactLastName" : "Messner",
		"contactFirstName" : "Renate ",
		"phone" : "069-0555984",
		"addressLine1" : "Magazinweg 7",
		"addressLine2" : null,
		"city" : "Frankfurt",
		"state" : null,
		"postalCode" : "60528",
		"country" : "Germany",
		"salesRepEmployeeNumber" : null,
		"creditLimit" : 0.00
	},
	{
		"customerNumber" : 249,
		"customerName" : "Amica Models & Co.",
		"contactLastName" : "Accorti",
		"contactFirstName" : "Paolo ",
		"phone" : "011-4988555",
		"addressLine1" : "Via Monte Bianco 34",
		"addressLine2" : null,
		"city" : "Torino",
		"state" : null,
		"postalCode" : "10100",
		"country" : "Italy",
		"salesRepEmployeeNumber" : 1401,
		"creditLimit" : 113000.00
	},
	{
		"customerNumber" : 250,
		"customerName" : "Lyon Souveniers",
		"contactLastName" : "Da Silva",
		"contactFirstName" : "Daniel",
		"phone" : "+33 1 46 62 7555",
		"addressLine1" : "27 rue du Colonel Pierre Avia",
		"addressLine2" : null,
		"city" : "Paris",
		"state" : null,
		"postalCode" : "75508",
		"country" : "France",
		"salesRepEmployeeNumber" : 1337,
		"creditLimit" : 68100.00
	},
	{
		"customerNumber" : 256,
		"customerName" : "Auto Associés & Cie.",
		"contactLastName" : "Tonini",
		"contactFirstName" : "Daniel ",
		"phone" : "30.59.8555",
		"addressLine1" : "67, avenue de l'Europe",
		"addressLine2" : null,
		"city" : "Versailles",
		"state" : null,
		"postalCode" : "78000",
		"country" : "France",
		"salesRepEmployeeNumber" : 1370,
		"creditLimit" : 77900.00
	},
	{
		"customerNumber" : 259,
		"customerName" : "Toms Spezialitäten, Ltd",
		"contactLastName" : "Pfalzheim",
		"contactFirstName" : "Henriette ",
		"phone" : "0221-5554327",
		"addressLine1" : "Mehrheimerstr. 369",
		"addressLine2" : null,
		"city" : "Köln",
		"state" : null,
		"postalCode" : "50739",
		"country" : "Germany",
		"salesRepEmployeeNumber" : 1504,
		"creditLimit" : 120400.00
	},
	{
		"customerNumber" : 260,
		"customerName" : "Royal Canadian Collectables, Ltd.",
		"contactLastName" : "Lincoln",
		"contactFirstName" : "Elizabeth ",
		"phone" : "(604) 555-4555",
		"addressLine1" : "23 Tsawassen Blvd.",
		"addressLine2" : null,
		"city" : "Tsawassen",
		"state" : "BC",
		"postalCode" : "T2F 8M4",
		"country" : "Canada",
		"salesRepEmployeeNumber" : 1323,
		"creditLimit" : 89600.00
	},
	{
		"customerNumber" : 273,
		"customerName" : "Franken Gifts, Co",
		"contactLastName" : "Franken",
		"contactFirstName" : "Peter ",
		"phone" : "089-0877555",
		"addressLine1" : "Berliner Platz 43",
		"addressLine2" : null,
		"city" : "München",
		"state" : null,
		"postalCode" : "80805",
		"country" : "Germany",
		"salesRepEmployeeNumber" : null,
		"creditLimit" : 0.00
	},
	{
		"customerNumber" : 276,
		"customerName" : "Anna's Decorations, Ltd",
		"contactLastName" : "O'Hara",
		"contactFirstName" : "Anna",
		"phone" : "02 9936 8555",
		"addressLine1" : "201 Miller Street",
		"addressLine2" : "Level 15",
		"city" : "North Sydney",
		"state" : "NSW",
		"postalCode" : "2060",
		"country" : "Australia",
		"salesRepEmployeeNumber" : 1611,
		"creditLimit" : 107800.00
	},
	{
		"customerNumber" : 278,
		"customerName" : "Rovelli Gifts",
		"contactLastName" : "Rovelli",
		"contactFirstName" : "Giovanni ",
		"phone" : "035-640555",
		"addressLine1" : "Via Ludovico il Moro 22",
		"addressLine2" : null,
		"city" : "Bergamo",
		"state" : null,
		"postalCode" : "24100",
		"country" : "Italy",
		"salesRepEmployeeNumber" : 1401,
		"creditLimit" : 119600.00
	},
	{
		"customerNumber" : 282,
		"customerName" : "Souveniers And Things Co.",
		"contactLastName" : "Huxley",
		"contactFirstName" : "Adrian",
		"phone" : "+61 2 9495 8555",
		"addressLine1" : "Monitor Money Building",
		"addressLine2" : "815 Pacific Hwy",
		"city" : "Chatswood",
		"state" : "NSW",
		"postalCode" : "2067",
		"country" : "Australia",
		"salesRepEmployeeNumber" : 1611,
		"creditLimit" : 93300.00
	},
	{
		"customerNumber" : 286,
		"customerName" : "Marta's Replicas Co.",
		"contactLastName" : "Hernandez",
		"contactFirstName" : "Marta",
		"phone" : "6175558555",
		"addressLine1" : "39323 Spinnaker Dr.",
		"addressLine2" : null,
		"city" : "Cambridge",
		"state" : "MA",
		"postalCode" : "51247",
		"country" : "USA",
		"salesRepEmployeeNumber" : 1216,
		"creditLimit" : 123700.00
	},
	{
		"customerNumber" : 293,
		"customerName" : "BG&E Collectables",
		"contactLastName" : "Harrison",
		"contactFirstName" : "Ed",
		"phone" : "+41 26 425 50 01",
		"addressLine1" : "Rte des Arsenaux 41 ",
		"addressLine2" : null,
		"city" : "Fribourg",
		"state" : null,
		"postalCode" : "1700",
		"country" : "Switzerland",
		"salesRepEmployeeNumber" : null,
		"creditLimit" : 0.00
	},
	{
		"customerNumber" : 298,
		"customerName" : "Vida Sport, Ltd",
		"contactLastName" : "Holz",
		"contactFirstName" : "Mihael",
		"phone" : "0897-034555",
		"addressLine1" : "Grenzacherweg 237",
		"addressLine2" : null,
		"city" : "Genève",
		"state" : null,
		"postalCode" : "1203",
		"country" : "Switzerland",
		"salesRepEmployeeNumber" : 1702,
		"creditLimit" : 141300.00
	},
	{
		"customerNumber" : 299,
		"customerName" : "Norway Gifts By Mail, Co.",
		"contactLastName" : "Klaeboe",
		"contactFirstName" : "Jan",
		"phone" : "+47 2212 1555",
		"addressLine1" : "Drammensveien 126A",
		"addressLine2" : "PB 211 Sentrum",
		"city" : "Oslo",
		"state" : null,
		"postalCode" : "N 0106",
		"country" : "Norway  ",
		"salesRepEmployeeNumber" : 1504,
		"creditLimit" : 95100.00
	},
	{
		"customerNumber" : 303,
		"customerName" : "Schuyler Imports",
		"contactLastName" : "Schuyler",
		"contactFirstName" : "Bradley",
		"phone" : "+31 20 491 9555",
		"addressLine1" : "Kingsfordweg 151",
		"addressLine2" : null,
		"city" : "Amsterdam",
		"state" : null,
		"postalCode" : "1043 GR",
		"country" : "Netherlands",
		"salesRepEmployeeNumber" : null,
		"creditLimit" : 0.00
	},
	{
		"customerNumber" : 307,
		"customerName" : "Der Hund Imports",
		"contactLastName" : "Andersen",
		"contactFirstName" : "Mel",
		"phone" : "030-0074555",
		"addressLine1" : "Obere Str. 57",
		"addressLine2" : null,
		"city" : "Berlin",
		"state" : null,
		"postalCode" : "12209",
		"country" : "Germany",
		"salesRepEmployeeNumber" : null,
		"creditLimit" : 0.00
	},
	{
		"customerNumber" : 311,
		"customerName" : "Oulu Toy Supplies, Inc.",
		"contactLastName" : "Koskitalo",
		"contactFirstName" : "Pirkko",
		"phone" : "981-443655",
		"addressLine1" : "Torikatu 38",
		"addressLine2" : null,
		"city" : "Oulu",
		"state" : null,
		"postalCode" : "90110",
		"country" : "Finland",
		"salesRepEmployeeNumber" : 1501,
		"creditLimit" : 90500.00
	},
	{
		"customerNumber" : 314,
		"customerName" : "Petit Auto",
		"contactLastName" : "Dewey",
		"contactFirstName" : "Catherine ",
		"phone" : "(02) 5554 67",
		"addressLine1" : "Rue Joseph-Bens 532",
		"addressLine2" : null,
		"city" : "Bruxelles",
		"state" : null,
		"postalCode" : "B-1180",
		"country" : "Belgium",
		"salesRepEmployeeNumber" : 1401,
		"creditLimit" : 79900.00
	},
	{
		"customerNumber" : 319,
		"customerName" : "Mini Classics",
		"contactLastName" : "Frick",
		"contactFirstName" : "Steve",
		"phone" : "9145554562",
		"addressLine1" : "3758 North Pendale Street",
		"addressLine2" : null,
		"city" : "White Plains",
		"state" : "NY",
		"postalCode" : "24067",
		"country" : "USA",
		"salesRepEmployeeNumber" : 1323,
		"creditLimit" : 102700.00
	},
	{
		"customerNumber" : 320,
		"customerName" : "Mini Creations Ltd.",
		"contactLastName" : "Huang",
		"contactFirstName" : "Wing",
		"phone" : "5085559555",
		"addressLine1" : "4575 Hillside Dr.",
		"addressLine2" : null,
		"city" : "New Bedford",
		"state" : "MA",
		"postalCode" : "50553",
		"country" : "USA",
		"salesRepEmployeeNumber" : 1188,
		"creditLimit" : 94500.00
	},
	{
		"customerNumber" : 321,
		"customerName" : "Corporate Gift Ideas Co.",
		"contactLastName" : "Brown",
		"contactFirstName" : "Julie",
		"phone" : "6505551386",
		"addressLine1" : "7734 Strong St.",
		"addressLine2" : null,
		"city" : "San Francisco",
		"state" : "CA",
		"postalCode" : "94217",
		"country" : "USA",
		"salesRepEmployeeNumber" : 1165,
		"creditLimit" : 105000.00
	},
	{
		"customerNumber" : 323,
		"customerName" : "Down Under Souveniers, Inc",
		"contactLastName" : "Graham",
		"contactFirstName" : "Mike",
		"phone" : "+64 9 312 5555",
		"addressLine1" : "162-164 Grafton Road",
		"addressLine2" : "Level 2",
		"city" : "Auckland  ",
		"state" : null,
		"postalCode" : null,
		"country" : "New Zealand",
		"salesRepEmployeeNumber" : 1612,
		"creditLimit" : 88000.00
	},
	{
		"customerNumber" : 324,
		"customerName" : "Stylish Desk Decors, Co.",
		"contactLastName" : "Brown",
		"contactFirstName" : "Ann ",
		"phone" : "(171) 555-0297",
		"addressLine1" : "35 King George",
		"addressLine2" : null,
		"city" : "London",
		"state" : null,
		"postalCode" : "WX3 6FW",
		"country" : "UK",
		"salesRepEmployeeNumber" : 1501,
		"creditLimit" : 77000.00
	},
	{
		"customerNumber" : 328,
		"customerName" : "Tekni Collectables Inc.",
		"contactLastName" : "Brown",
		"contactFirstName" : "William",
		"phone" : "2015559350",
		"addressLine1" : "7476 Moss Rd.",
		"addressLine2" : null,
		"city" : "Newark",
		"state" : "NJ",
		"postalCode" : "94019",
		"country" : "USA",
		"salesRepEmployeeNumber" : 1323,
		"creditLimit" : 43000.00
	},
	{
		"customerNumber" : 333,
		"customerName" : "Australian Gift Network, Co",
		"contactLastName" : "Calaghan",
		"contactFirstName" : "Ben",
		"phone" : "61-7-3844-6555",
		"addressLine1" : "31 Duncan St. West End",
		"addressLine2" : null,
		"city" : "South Brisbane",
		"state" : "Queensland",
		"postalCode" : "4101",
		"country" : "Australia",
		"salesRepEmployeeNumber" : 1611,
		"creditLimit" : 51600.00
	},
	{
		"customerNumber" : 334,
		"customerName" : "Suominen Souveniers",
		"contactLastName" : "Suominen",
		"contactFirstName" : "Kalle",
		"phone" : "+358 9 8045 555",
		"addressLine1" : "Software Engineering Center",
		"addressLine2" : "SEC Oy",
		"city" : "Espoo",
		"state" : null,
		"postalCode" : "FIN-02271",
		"country" : "Finland",
		"salesRepEmployeeNumber" : 1501,
		"creditLimit" : 98800.00
	},
	{
		"customerNumber" : 335,
		"customerName" : "Cramer Spezialitäten, Ltd",
		"contactLastName" : "Cramer",
		"contactFirstName" : "Philip ",
		"phone" : "0555-09555",
		"addressLine1" : "Maubelstr. 90",
		"addressLine2" : null,
		"city" : "Brandenburg",
		"state" : null,
		"postalCode" : "14776",
		"country" : "Germany",
		"salesRepEmployeeNumber" : null,
		"creditLimit" : 0.00
	},
	{
		"customerNumber" : 339,
		"customerName" : "Classic Gift Ideas, Inc",
		"contactLastName" : "Cervantes",
		"contactFirstName" : "Francisca",
		"phone" : "2155554695",
		"addressLine1" : "782 First Street",
		"addressLine2" : null,
		"city" : "Philadelphia",
		"state" : "PA",
		"postalCode" : "71270",
		"country" : "USA",
		"salesRepEmployeeNumber" : 1188,
		"creditLimit" : 81100.00
	},
	{
		"customerNumber" : 344,
		"customerName" : "CAF Imports",
		"contactLastName" : "Fernandez",
		"contactFirstName" : "Jesus",
		"phone" : "+34 913 728 555",
		"addressLine1" : "Merchants House",
		"addressLine2" : "27-30 Merchant's Quay",
		"city" : "Madrid",
		"state" : null,
		"postalCode" : "28023",
		"country" : "Spain",
		"salesRepEmployeeNumber" : 1702,
		"creditLimit" : 59600.00
	},
	{
		"customerNumber" : 347,
		"customerName" : "Men 'R' US Retailers, Ltd.",
		"contactLastName" : "Chandler",
		"contactFirstName" : "Brian",
		"phone" : "2155554369",
		"addressLine1" : "6047 Douglas Av.",
		"addressLine2" : null,
		"city" : "Los Angeles",
		"state" : "CA",
		"postalCode" : "91003",
		"country" : "USA",
		"salesRepEmployeeNumber" : 1166,
		"creditLimit" : 57700.00
	},
	{
		"customerNumber" : 348,
		"customerName" : "Asian Treasures, Inc.",
		"contactLastName" : "McKenna",
		"contactFirstName" : "Patricia ",
		"phone" : "2967 555",
		"addressLine1" : "8 Johnstown Road",
		"addressLine2" : null,
		"city" : "Cork",
		"state" : "Co. Cork",
		"postalCode" : null,
		"country" : "Ireland",
		"salesRepEmployeeNumber" : null,
		"creditLimit" : 0.00
	},
	{
		"customerNumber" : 350,
		"customerName" : "Marseille Mini Autos",
		"contactLastName" : "Lebihan",
		"contactFirstName" : "Laurence ",
		"phone" : "91.24.4555",
		"addressLine1" : "12, rue des Bouchers",
		"addressLine2" : null,
		"city" : "Marseille",
		"state" : null,
		"postalCode" : "13008",
		"country" : "France",
		"salesRepEmployeeNumber" : 1337,
		"creditLimit" : 65000.00
	},
	{
		"customerNumber" : 353,
		"customerName" : "Reims Collectables",
		"contactLastName" : "Henriot",
		"contactFirstName" : "Paul ",
		"phone" : "26.47.1555",
		"addressLine1" : "59 rue de l'Abbaye",
		"addressLine2" : null,
		"city" : "Reims",
		"state" : null,
		"postalCode" : "51100",
		"country" : "France",
		"salesRepEmployeeNumber" : 1337,
		"creditLimit" : 81100.00
	},
	{
		"customerNumber" : 356,
		"customerName" : "SAR Distributors, Co",
		"contactLastName" : "Kuger",
		"contactFirstName" : "Armand",
		"phone" : "+27 21 550 3555",
		"addressLine1" : "1250 Pretorius Street",
		"addressLine2" : null,
		"city" : "Hatfield",
		"state" : "Pretoria",
		"postalCode" : "0028",
		"country" : "South Africa",
		"salesRepEmployeeNumber" : null,
		"creditLimit" : 0.00
	},
	{
		"customerNumber" : 357,
		"customerName" : "GiftsForHim.com",
		"contactLastName" : "MacKinlay",
		"contactFirstName" : "Wales",
		"phone" : "64-9-3763555",
		"addressLine1" : "199 Great North Road",
		"addressLine2" : null,
		"city" : "Auckland",
		"state" : null,
		"postalCode" : null,
		"country" : "New Zealand",
		"salesRepEmployeeNumber" : 1612,
		"creditLimit" : 77700.00
	},
	{
		"customerNumber" : 361,
		"customerName" : "Kommission Auto",
		"contactLastName" : "Josephs",
		"contactFirstName" : "Karin",
		"phone" : "0251-555259",
		"addressLine1" : "Luisenstr. 48",
		"addressLine2" : null,
		"city" : "Münster",
		"state" : null,
		"postalCode" : "44087",
		"country" : "Germany",
		"salesRepEmployeeNumber" : null,
		"creditLimit" : 0.00
	},
	{
		"customerNumber" : 362,
		"customerName" : "Gifts4AllAges.com",
		"contactLastName" : "Yoshido",
		"contactFirstName" : "Juri",
		"phone" : "6175559555",
		"addressLine1" : "8616 Spinnaker Dr.",
		"addressLine2" : null,
		"city" : "Boston",
		"state" : "MA",
		"postalCode" : "51003",
		"country" : "USA",
		"salesRepEmployeeNumber" : 1216,
		"creditLimit" : 41900.00
	},
	{
		"customerNumber" : 363,
		"customerName" : "Online Diecast Creations Co.",
		"contactLastName" : "Young",
		"contactFirstName" : "Dorothy",
		"phone" : "6035558647",
		"addressLine1" : "2304 Long Airport Avenue",
		"addressLine2" : null,
		"city" : "Nashua",
		"state" : "NH",
		"postalCode" : "62005",
		"country" : "USA",
		"salesRepEmployeeNumber" : 1216,
		"creditLimit" : 114200.00
	},
	{
		"customerNumber" : 369,
		"customerName" : "Lisboa Souveniers, Inc",
		"contactLastName" : "Rodriguez",
		"contactFirstName" : "Lino ",
		"phone" : "(1) 354-2555",
		"addressLine1" : "Jardim das rosas n. 32",
		"addressLine2" : null,
		"city" : "Lisboa",
		"state" : null,
		"postalCode" : "1675",
		"country" : "Portugal",
		"salesRepEmployeeNumber" : null,
		"creditLimit" : 0.00
	},
	{
		"customerNumber" : 376,
		"customerName" : "Precious Collectables",
		"contactLastName" : "Urs",
		"contactFirstName" : "Braun",
		"phone" : "0452-076555",
		"addressLine1" : "Hauptstr. 29",
		"addressLine2" : null,
		"city" : "Bern",
		"state" : null,
		"postalCode" : "3012",
		"country" : "Switzerland",
		"salesRepEmployeeNumber" : 1702,
		"creditLimit" : 0.00
	},
	{
		"customerNumber" : 379,
		"customerName" : "Collectables For Less Inc.",
		"contactLastName" : "Nelson",
		"contactFirstName" : "Allen",
		"phone" : "6175558555",
		"addressLine1" : "7825 Douglas Av.",
		"addressLine2" : null,
		"city" : "Brickhaven",
		"state" : "MA",
		"postalCode" : "58339",
		"country" : "USA",
		"salesRepEmployeeNumber" : 1188,
		"creditLimit" : 70700.00
	},
	{
		"customerNumber" : 381,
		"customerName" : "Royale Belge",
		"contactLastName" : "Cartrain",
		"contactFirstName" : "Pascale ",
		"phone" : "(071) 23 67 2555",
		"addressLine1" : "Boulevard Tirou, 255",
		"addressLine2" : null,
		"city" : "Charleroi",
		"state" : null,
		"postalCode" : "B-6000",
		"country" : "Belgium",
		"salesRepEmployeeNumber" : 1401,
		"creditLimit" : 23500.00
	},
	{
		"customerNumber" : 382,
		"customerName" : "Salzburg Collectables",
		"contactLastName" : "Pipps",
		"contactFirstName" : "Georg ",
		"phone" : "6562-9555",
		"addressLine1" : "Geislweg 14",
		"addressLine2" : null,
		"city" : "Salzburg",
		"state" : null,
		"postalCode" : "5020",
		"country" : "Austria",
		"salesRepEmployeeNumber" : 1401,
		"creditLimit" : 71700.00
	},
	{
		"customerNumber" : 385,
		"customerName" : "Cruz & Sons Co.",
		"contactLastName" : "Cruz",
		"contactFirstName" : "Arnold",
		"phone" : "+63 2 555 3587",
		"addressLine1" : "15 McCallum Street",
		"addressLine2" : "NatWest Center #13-03",
		"city" : "Makati City",
		"state" : null,
		"postalCode" : "1227 MM",
		"country" : "Philippines",
		"salesRepEmployeeNumber" : 1621,
		"creditLimit" : 81500.00
	},
	{
		"customerNumber" : 386,
		"customerName" : "L'ordine Souveniers",
		"contactLastName" : "Moroni",
		"contactFirstName" : "Maurizio ",
		"phone" : "0522-556555",
		"addressLine1" : "Strada Provinciale 124",
		"addressLine2" : null,
		"city" : "Reggio Emilia",
		"state" : null,
		"postalCode" : "42100",
		"country" : "Italy",
		"salesRepEmployeeNumber" : 1401,
		"creditLimit" : 121400.00
	},
	{
		"customerNumber" : 398,
		"customerName" : "Tokyo Collectables, Ltd",
		"contactLastName" : "Shimamura",
		"contactFirstName" : "Akiko",
		"phone" : "+81 3 3584 0555",
		"addressLine1" : "2-2-8 Roppongi",
		"addressLine2" : null,
		"city" : "Minato-ku",
		"state" : "Tokyo",
		"postalCode" : "106-0032",
		"country" : "Japan",
		"salesRepEmployeeNumber" : 1621,
		"creditLimit" : 94400.00
	},
	{
		"customerNumber" : 406,
		"customerName" : "Auto Canal+ Petit",
		"contactLastName" : "Perrier",
		"contactFirstName" : "Dominique",
		"phone" : "(1) 47.55.6555",
		"addressLine1" : "25, rue Lauriston",
		"addressLine2" : null,
		"city" : "Paris",
		"state" : null,
		"postalCode" : "75016",
		"country" : "France",
		"salesRepEmployeeNumber" : 1337,
		"creditLimit" : 95000.00
	},
	{
		"customerNumber" : 409,
		"customerName" : "Stuttgart Collectable Exchange",
		"contactLastName" : "Müller",
		"contactFirstName" : "Rita ",
		"phone" : "0711-555361",
		"addressLine1" : "Adenauerallee 900",
		"addressLine2" : null,
		"city" : "Stuttgart",
		"state" : null,
		"postalCode" : "70563",
		"country" : "Germany",
		"salesRepEmployeeNumber" : null,
		"creditLimit" : 0.00
	},
	{
		"customerNumber" : 412,
		"customerName" : "Extreme Desk Decorations, Ltd",
		"contactLastName" : "McRoy",
		"contactFirstName" : "Sarah",
		"phone" : "04 499 9555",
		"addressLine1" : "101 Lambton Quay",
		"addressLine2" : "Level 11",
		"city" : "Wellington",
		"state" : null,
		"postalCode" : null,
		"country" : "New Zealand",
		"salesRepEmployeeNumber" : 1612,
		"creditLimit" : 86800.00
	},
	{
		"customerNumber" : 415,
		"customerName" : "Bavarian Collectables Imports, Co.",
		"contactLastName" : "Donnermeyer",
		"contactFirstName" : "Michael",
		"phone" : " +49 89 61 08 9555",
		"addressLine1" : "Hansastr. 15",
		"addressLine2" : null,
		"city" : "Munich",
		"state" : null,
		"postalCode" : "80686",
		"country" : "Germany",
		"salesRepEmployeeNumber" : 1504,
		"creditLimit" : 77000.00
	},
	{
		"customerNumber" : 424,
		"customerName" : "Classic Legends Inc.",
		"contactLastName" : "Hernandez",
		"contactFirstName" : "Maria",
		"phone" : "2125558493",
		"addressLine1" : "5905 Pompton St.",
		"addressLine2" : "Suite 750",
		"city" : "NYC",
		"state" : "NY",
		"postalCode" : "10022",
		"country" : "USA",
		"salesRepEmployeeNumber" : 1286,
		"creditLimit" : 67500.00
	},
	{
		"customerNumber" : 443,
		"customerName" : "Feuer Online Stores, Inc",
		"contactLastName" : "Feuer",
		"contactFirstName" : "Alexander ",
		"phone" : "0342-555176",
		"addressLine1" : "Heerstr. 22",
		"addressLine2" : null,
		"city" : "Leipzig",
		"state" : null,
		"postalCode" : "04179",
		"country" : "Germany",
		"salesRepEmployeeNumber" : null,
		"creditLimit" : 0.00
	},
	{
		"customerNumber" : 447,
		"customerName" : "Gift Ideas Corp.",
		"contactLastName" : "Lewis",
		"contactFirstName" : "Dan",
		"phone" : "2035554407",
		"addressLine1" : "2440 Pompton St.",
		"addressLine2" : null,
		"city" : "Glendale",
		"state" : "CT",
		"postalCode" : "97561",
		"country" : "USA",
		"salesRepEmployeeNumber" : 1323,
		"creditLimit" : 49700.00
	},
	{
		"customerNumber" : 448,
		"customerName" : "Scandinavian Gift Ideas",
		"contactLastName" : "Larsson",
		"contactFirstName" : "Martha",
		"phone" : "0695-34 6555",
		"addressLine1" : "Åkergatan 24",
		"addressLine2" : null,
		"city" : "Bräcke",
		"state" : null,
		"postalCode" : "S-844 67",
		"country" : "Sweden",
		"salesRepEmployeeNumber" : 1504,
		"creditLimit" : 116400.00
	},
	{
		"customerNumber" : 450,
		"customerName" : "The Sharp Gifts Warehouse",
		"contactLastName" : "Frick",
		"contactFirstName" : "Sue",
		"phone" : "4085553659",
		"addressLine1" : "3086 Ingle Ln.",
		"addressLine2" : null,
		"city" : "San Jose",
		"state" : "CA",
		"postalCode" : "94217",
		"country" : "USA",
		"salesRepEmployeeNumber" : 1165,
		"creditLimit" : 77600.00
	},
	{
		"customerNumber" : 452,
		"customerName" : "Mini Auto Werke",
		"contactLastName" : "Mendel",
		"contactFirstName" : "Roland ",
		"phone" : "7675-3555",
		"addressLine1" : "Kirchgasse 6",
		"addressLine2" : null,
		"city" : "Graz",
		"state" : null,
		"postalCode" : "8010",
		"country" : "Austria",
		"salesRepEmployeeNumber" : 1401,
		"creditLimit" : 45300.00
	},
	{
		"customerNumber" : 455,
		"customerName" : "Super Scale Inc.",
		"contactLastName" : "Murphy",
		"contactFirstName" : "Leslie",
		"phone" : "2035559545",
		"addressLine1" : "567 North Pendale Street",
		"addressLine2" : null,
		"city" : "New Haven",
		"state" : "CT",
		"postalCode" : "97823",
		"country" : "USA",
		"salesRepEmployeeNumber" : 1286,
		"creditLimit" : 95400.00
	},
	{
		"customerNumber" : 456,
		"customerName" : "Microscale Inc.",
		"contactLastName" : "Choi",
		"contactFirstName" : "Yu",
		"phone" : "2125551957",
		"addressLine1" : "5290 North Pendale Street",
		"addressLine2" : "Suite 200",
		"city" : "NYC",
		"state" : "NY",
		"postalCode" : "10022",
		"country" : "USA",
		"salesRepEmployeeNumber" : 1286,
		"creditLimit" : 39800.00
	},
	{
		"customerNumber" : 458,
		"customerName" : "Corrida Auto Replicas, Ltd",
		"contactLastName" : "Sommer",
		"contactFirstName" : "Martín ",
		"phone" : "(91) 555 22 82",
		"addressLine1" : "C/ Araquil, 67",
		"addressLine2" : null,
		"city" : "Madrid",
		"state" : null,
		"postalCode" : "28023",
		"country" : "Spain",
		"salesRepEmployeeNumber" : 1702,
		"creditLimit" : 104600.00
	},
	{
		"customerNumber" : 459,
		"customerName" : "Warburg Exchange",
		"contactLastName" : "Ottlieb",
		"contactFirstName" : "Sven ",
		"phone" : "0241-039123",
		"addressLine1" : "Walserweg 21",
		"addressLine2" : null,
		"city" : "Aachen",
		"state" : null,
		"postalCode" : "52066",
		"country" : "Germany",
		"salesRepEmployeeNumber" : null,
		"creditLimit" : 0.00
	},
	{
		"customerNumber" : 462,
		"customerName" : "FunGiftIdeas.com",
		"contactLastName" : "Benitez",
		"contactFirstName" : "Violeta",
		"phone" : "5085552555",
		"addressLine1" : "1785 First Street",
		"addressLine2" : null,
		"city" : "New Bedford",
		"state" : "MA",
		"postalCode" : "50553",
		"country" : "USA",
		"salesRepEmployeeNumber" : 1216,
		"creditLimit" : 85800.00
	},
	{
		"customerNumber" : 465,
		"customerName" : "Anton Designs, Ltd.",
		"contactLastName" : "Anton",
		"contactFirstName" : "Carmen",
		"phone" : "+34 913 728555",
		"addressLine1" : "c/ Gobelas, 19-1 Urb. La Florida",
		"addressLine2" : null,
		"city" : "Madrid",
		"state" : null,
		"postalCode" : "28023",
		"country" : "Spain",
		"salesRepEmployeeNumber" : null,
		"creditLimit" : 0.00
	},
	{
		"customerNumber" : 471,
		"customerName" : "Australian Collectables, Ltd",
		"contactLastName" : "Clenahan",
		"contactFirstName" : "Sean",
		"phone" : "61-9-3844-6555",
		"addressLine1" : "7 Allen Street",
		"addressLine2" : null,
		"city" : "Glen Waverly",
		"state" : "Victoria",
		"postalCode" : "3150",
		"country" : "Australia",
		"salesRepEmployeeNumber" : 1611,
		"creditLimit" : 60300.00
	},
	{
		"customerNumber" : 473,
		"customerName" : "Frau da Collezione",
		"contactLastName" : "Ricotti",
		"contactFirstName" : "Franco",
		"phone" : "+39 022515555",
		"addressLine1" : "20093 Cologno Monzese",
		"addressLine2" : "Alessandro Volta 16",
		"city" : "Milan",
		"state" : null,
		"postalCode" : null,
		"country" : "Italy",
		"salesRepEmployeeNumber" : 1401,
		"creditLimit" : 34800.00
	},
	{
		"customerNumber" : 475,
		"customerName" : "West Coast Collectables Co.",
		"contactLastName" : "Thompson",
		"contactFirstName" : "Steve",
		"phone" : "3105553722",
		"addressLine1" : "3675 Furth Circle",
		"addressLine2" : null,
		"city" : "Burbank",
		"state" : "CA",
		"postalCode" : "94019",
		"country" : "USA",
		"salesRepEmployeeNumber" : 1166,
		"creditLimit" : 55400.00
	},
	{
		"customerNumber" : 477,
		"customerName" : "Mit Vergnügen & Co.",
		"contactLastName" : "Moos",
		"contactFirstName" : "Hanna ",
		"phone" : "0621-08555",
		"addressLine1" : "Forsterstr. 57",
		"addressLine2" : null,
		"city" : "Mannheim",
		"state" : null,
		"postalCode" : "68306",
		"country" : "Germany",
		"salesRepEmployeeNumber" : null,
		"creditLimit" : 0.00
	},
	{
		"customerNumber" : 480,
		"customerName" : "Kremlin Collectables, Co.",
		"contactLastName" : "Semenov",
		"contactFirstName" : "Alexander ",
		"phone" : "+7 812 293 0521",
		"addressLine1" : "2 Pobedy Square",
		"addressLine2" : null,
		"city" : "Saint Petersburg",
		"state" : null,
		"postalCode" : "196143",
		"country" : "Russia",
		"salesRepEmployeeNumber" : null,
		"creditLimit" : 0.00
	},
	{
		"customerNumber" : 481,
		"customerName" : "Raanan Stores, Inc",
		"contactLastName" : "Altagar,G M",
		"contactFirstName" : "Raanan",
		"phone" : "+ 972 9 959 8555",
		"addressLine1" : "3 Hagalim Blv.",
		"addressLine2" : null,
		"city" : "Herzlia",
		"state" : null,
		"postalCode" : "47625",
		"country" : "Israel",
		"salesRepEmployeeNumber" : null,
		"creditLimit" : 0.00
	},
	{
		"customerNumber" : 484,
		"customerName" : "Iberia Gift Imports, Corp.",
		"contactLastName" : "Roel",
		"contactFirstName" : "José Pedro ",
		"phone" : "(95) 555 82 82",
		"addressLine1" : "C/ Romero, 33",
		"addressLine2" : null,
		"city" : "Sevilla",
		"state" : null,
		"postalCode" : "41101",
		"country" : "Spain",
		"salesRepEmployeeNumber" : 1702,
		"creditLimit" : 65700.00
	},
	{
		"customerNumber" : 486,
		"customerName" : "Motor Mint Distributors Inc.",
		"contactLastName" : "Salazar",
		"contactFirstName" : "Rosa",
		"phone" : "2155559857",
		"addressLine1" : "11328 Douglas Av.",
		"addressLine2" : null,
		"city" : "Philadelphia",
		"state" : "PA",
		"postalCode" : "71270",
		"country" : "USA",
		"salesRepEmployeeNumber" : 1323,
		"creditLimit" : 72600.00
	},
	{
		"customerNumber" : 487,
		"customerName" : "Signal Collectibles Ltd.",
		"contactLastName" : "Taylor",
		"contactFirstName" : "Sue",
		"phone" : "4155554312",
		"addressLine1" : "2793 Furth Circle",
		"addressLine2" : null,
		"city" : "Brisbane",
		"state" : "CA",
		"postalCode" : "94217",
		"country" : "USA",
		"salesRepEmployeeNumber" : 1165,
		"creditLimit" : 60300.00
	},
	{
		"customerNumber" : 489,
		"customerName" : "Double Decker Gift Stores, Ltd",
		"contactLastName" : "Smith",
		"contactFirstName" : "Thomas ",
		"phone" : "(171) 555-7555",
		"addressLine1" : "120 Hanover Sq.",
		"addressLine2" : null,
		"city" : "London",
		"state" : null,
		"postalCode" : "WA1 1DP",
		"country" : "UK",
		"salesRepEmployeeNumber" : 1501,
		"creditLimit" : 43300.00
	},
	{
		"customerNumber" : 495,
		"customerName" : "Diecast Collectables",
		"contactLastName" : "Franco",
		"contactFirstName" : "Valarie",
		"phone" : "6175552555",
		"addressLine1" : "6251 Ingle Ln.",
		"addressLine2" : null,
		"city" : "Boston",
		"state" : "MA",
		"postalCode" : "51003",
		"country" : "USA",
		"salesRepEmployeeNumber" : 1188,
		"creditLimit" : 85100.00
	},
	{
		"customerNumber" : 496,
		"customerName" : "Kelly's Gift Shop",
		"contactLastName" : "Snowden",
		"contactFirstName" : "Tony",
		"phone" : "+64 9 5555500",
		"addressLine1" : "Arenales 1938 3'A'",
		"addressLine2" : null,
		"city" : "Auckland  ",
		"state" : null,
		"postalCode" : null,
		"country" : "New Zealand",
		"salesRepEmployeeNumber" : 1612,
		"creditLimit" : 110000.00
	}
]
