[
	{
		"customer_key" : 1,
		"customer_id" : 103,
		"customerName" : "Atelier graphique",
		"contactLastName" : "Schmitt",
		"contactFirstName" : "Carine ",
		"addressLine1" : "54, rue Royale",
		"city" : "Nantes",
		"state" : null,
		"postalCode" : "44000",
		"country" : "France",
		"salesRepEmployeeNumber" : 1370,
		"creditLimit" : 21000
	},
	{
		"customer_key" : 2,
		"customer_id" : 112,
		"customerName" : "Signal Gift Stores",
		"contactLastName" : "King",
		"contactFirstName" : "Jean",
		"addressLine1" : "8489 Strong St.",
		"city" : "Las Vegas",
		"state" : "NV",
		"postalCode" : "83030",
		"country" : "USA",
		"salesRepEmployeeNumber" : 1166,
		"creditLimit" : 71800
	},
	{
		"customer_key" : 3,
		"customer_id" : 114,
		"customerName" : "Australian Collectors, Co.",
		"contactLastName" : "Ferguson",
		"contactFirstName" : "Peter",
		"addressLine1" : "636 St Kilda Road",
		"city" : "Melbourne",
		"state" : "Victoria",
		"postalCode" : "3004",
		"country" : "Australia",
		"salesRepEmployeeNumber" : 1611,
		"creditLimit" : 117300
	},
	{
		"customer_key" : 4,
		"customer_id" : 119,
		"customerName" : "La Rochelle Gifts",
		"contactLastName" : "Labrune",
		"contactFirstName" : "Janine ",
		"addressLine1" : "67, rue des Cinquante Otages",
		"city" : "Nantes",
		"state" : null,
		"postalCode" : "44000",
		"country" : "France",
		"salesRepEmployeeNumber" : 1370,
		"creditLimit" : 118200
	},
	{
		"customer_key" : 5,
		"customer_id" : 121,
		"customerName" : "Baane Mini Imports",
		"contactLastName" : "Bergulfsen",
		"contactFirstName" : "Jonas ",
		"addressLine1" : "Erling Skakkes gate 78",
		"city" : "Stavern",
		"state" : null,
		"postalCode" : "4110",
		"country" : "Norway",
		"salesRepEmployeeNumber" : 1504,
		"creditLimit" : 81700
	},
	{
		"customer_key" : 6,
		"customer_id" : 124,
		"customerName" : "Mini Gifts Distributors Ltd.",
		"contactLastName" : "Nelson",
		"contactFirstName" : "Susan",
		"addressLine1" : "5677 Strong St.",
		"city" : "San Rafael",
		"state" : "CA",
		"postalCode" : "97562",
		"country" : "USA",
		"salesRepEmployeeNumber" : 1165,
		"creditLimit" : 210500
	},
	{
		"customer_key" : 7,
		"customer_id" : 125,
		"customerName" : "Havel & Zbyszek Co",
		"contactLastName" : "Piestrzeniewicz",
		"contactFirstName" : "Zbyszek ",
		"addressLine1" : "ul. Filtrowa 68",
		"city" : "Warszawa",
		"state" : null,
		"postalCode" : "01-012",
		"country" : "Poland",
		"salesRepEmployeeNumber" : null,
		"creditLimit" : 0
	},
	{
		"customer_key" : 8,
		"customer_id" : 128,
		"customerName" : "Blauer See Auto, Co.",
		"contactLastName" : "Keitel",
		"contactFirstName" : "Roland",
		"addressLine1" : "Lyonerstr. 34",
		"city" : "Frankfurt",
		"state" : null,
		"postalCode" : "60528",
		"country" : "Germany",
		"salesRepEmployeeNumber" : 1504,
		"creditLimit" : 59700
	},
	{
		"customer_key" : 9,
		"customer_id" : 129,
		"customerName" : "Mini Wheels Co.",
		"contactLastName" : "Murphy",
		"contactFirstName" : "Julie",
		"addressLine1" : "5557 North Pendale Street",
		"city" : "San Francisco",
		"state" : "CA",
		"postalCode" : "94217",
		"country" : "USA",
		"salesRepEmployeeNumber" : 1165,
		"creditLimit" : 64600
	},
	{
		"customer_key" : 10,
		"customer_id" : 131,
		"customerName" : "Land of Toys Inc.",
		"contactLastName" : "Lee",
		"contactFirstName" : "Kwai",
		"addressLine1" : "897 Long Airport Avenue",
		"city" : "NYC",
		"state" : "NY",
		"postalCode" : "10022",
		"country" : "USA",
		"salesRepEmployeeNumber" : 1323,
		"creditLimit" : 114900
	},
	{
		"customer_key" : 11,
		"customer_id" : 141,
		"customerName" : "Euro+ Shopping Channel",
		"contactLastName" : "Freyre",
		"contactFirstName" : "Diego ",
		"addressLine1" : "C/ Moralzarzal, 86",
		"city" : "Madrid",
		"state" : null,
		"postalCode" : "28034",
		"country" : "Spain",
		"salesRepEmployeeNumber" : 1370,
		"creditLimit" : 227600
	},
	{
		"customer_key" : 12,
		"customer_id" : 144,
		"customerName" : "Volvo Model Replicas, Co",
		"contactLastName" : "Berglund",
		"contactFirstName" : "Christina ",
		"addressLine1" : "Berguvsvägen  8",
		"city" : "Luleå",
		"state" : null,
		"postalCode" : "S-958 22",
		"country" : "Sweden",
		"salesRepEmployeeNumber" : 1504,
		"creditLimit" : 53100
	},
	{
		"customer_key" : 13,
		"customer_id" : 145,
		"customerName" : "Danish Wholesale Imports",
		"contactLastName" : "Petersen",
		"contactFirstName" : "Jytte ",
		"addressLine1" : "Vinbæltet 34",
		"city" : "Kobenhavn",
		"state" : null,
		"postalCode" : "1734",
		"country" : "Denmark",
		"salesRepEmployeeNumber" : 1401,
		"creditLimit" : 83400
	},
	{
		"customer_key" : 14,
		"customer_id" : 146,
		"customerName" : "Saveley & Henriot, Co.",
		"contactLastName" : "Saveley",
		"contactFirstName" : "Mary ",
		"addressLine1" : "2, rue du Commerce",
		"city" : "Lyon",
		"state" : null,
		"postalCode" : "69004",
		"country" : "France",
		"salesRepEmployeeNumber" : 1337,
		"creditLimit" : 123900
	},
	{
		"customer_key" : 15,
		"customer_id" : 148,
		"customerName" : "Dragon Souveniers, Ltd.",
		"contactLastName" : "Natividad",
		"contactFirstName" : "Eric",
		"addressLine1" : "Bronz Sok.",
		"city" : "Singapore",
		"state" : null,
		"postalCode" : "079903",
		"country" : "Singapore",
		"salesRepEmployeeNumber" : 1621,
		"creditLimit" : 103800
	},
	{
		"customer_key" : 16,
		"customer_id" : 151,
		"customerName" : "Muscle Machine Inc",
		"contactLastName" : "Young",
		"contactFirstName" : "Jeff",
		"addressLine1" : "4092 Furth Circle",
		"city" : "NYC",
		"state" : "NY",
		"postalCode" : "10022",
		"country" : "USA",
		"salesRepEmployeeNumber" : 1286,
		"creditLimit" : 138500
	},
	{
		"customer_key" : 17,
		"customer_id" : 157,
		"customerName" : "Diecast Classics Inc.",
		"contactLastName" : "Leong",
		"contactFirstName" : "Kelvin",
		"addressLine1" : "7586 Pompton St.",
		"city" : "Allentown",
		"state" : "PA",
		"postalCode" : "70267",
		"country" : "USA",
		"salesRepEmployeeNumber" : 1216,
		"creditLimit" : 100600
	},
	{
		"customer_key" : 18,
		"customer_id" : 161,
		"customerName" : "Technics Stores Inc.",
		"contactLastName" : "Hashimoto",
		"contactFirstName" : "Juri",
		"addressLine1" : "9408 Furth Circle",
		"city" : "Burlingame",
		"state" : "CA",
		"postalCode" : "94217",
		"country" : "USA",
		"salesRepEmployeeNumber" : 1165,
		"creditLimit" : 84600
	},
	{
		"customer_key" : 19,
		"customer_id" : 166,
		"customerName" : "Handji Gifts& Co",
		"contactLastName" : "Victorino",
		"contactFirstName" : "Wendy",
		"addressLine1" : "106 Linden Road Sandown",
		"city" : "Singapore",
		"state" : null,
		"postalCode" : "069045",
		"country" : "Singapore",
		"salesRepEmployeeNumber" : 1612,
		"creditLimit" : 97900
	},
	{
		"customer_key" : 20,
		"customer_id" : 167,
		"customerName" : "Herkku Gifts",
		"contactLastName" : "Oeztan",
		"contactFirstName" : "Veysel",
		"addressLine1" : "Brehmen St. 121",
		"city" : "Bergen",
		"state" : null,
		"postalCode" : "N 5804",
		"country" : "Norway  ",
		"salesRepEmployeeNumber" : 1504,
		"creditLimit" : 96800
	},
	{
		"customer_key" : 21,
		"customer_id" : 168,
		"customerName" : "American Souvenirs Inc",
		"contactLastName" : "Franco",
		"contactFirstName" : "Keith",
		"addressLine1" : "149 Spinnaker Dr.",
		"city" : "New Haven",
		"state" : "CT",
		"postalCode" : "97823",
		"country" : "USA",
		"salesRepEmployeeNumber" : 1286,
		"creditLimit" : 0
	},
	{
		"customer_key" : 22,
		"customer_id" : 169,
		"customerName" : "Porto Imports Co.",
		"contactLastName" : "de Castro",
		"contactFirstName" : "Isabel ",
		"addressLine1" : "Estrada da saúde n. 58",
		"city" : "Lisboa",
		"state" : null,
		"postalCode" : "1756",
		"country" : "Portugal",
		"salesRepEmployeeNumber" : null,
		"creditLimit" : 0
	},
	{
		"customer_key" : 23,
		"customer_id" : 171,
		"customerName" : "Daedalus Designs Imports",
		"contactLastName" : "Rancé",
		"contactFirstName" : "Martine ",
		"addressLine1" : "184, chaussée de Tournai",
		"city" : "Lille",
		"state" : null,
		"postalCode" : "59000",
		"country" : "France",
		"salesRepEmployeeNumber" : 1370,
		"creditLimit" : 82900
	},
	{
		"customer_key" : 24,
		"customer_id" : 172,
		"customerName" : "La Corne D'abondance, Co.",
		"contactLastName" : "Bertrand",
		"contactFirstName" : "Marie",
		"addressLine1" : "265, boulevard Charonne",
		"city" : "Paris",
		"state" : null,
		"postalCode" : "75012",
		"country" : "France",
		"salesRepEmployeeNumber" : 1337,
		"creditLimit" : 84300
	},
	{
		"customer_key" : 25,
		"customer_id" : 173,
		"customerName" : "Cambridge Collectables Co.",
		"contactLastName" : "Tseng",
		"contactFirstName" : "Jerry",
		"addressLine1" : "4658 Baden Av.",
		"city" : "Cambridge",
		"state" : "MA",
		"postalCode" : "51247",
		"country" : "USA",
		"salesRepEmployeeNumber" : 1188,
		"creditLimit" : 43400
	},
	{
		"customer_key" : 26,
		"customer_id" : 175,
		"customerName" : "Gift Depot Inc.",
		"contactLastName" : "King",
		"contactFirstName" : "Julie",
		"addressLine1" : "25593 South Bay Ln.",
		"city" : "Bridgewater",
		"state" : "CT",
		"postalCode" : "97562",
		"country" : "USA",
		"salesRepEmployeeNumber" : 1323,
		"creditLimit" : 84300
	},
	{
		"customer_key" : 27,
		"customer_id" : 177,
		"customerName" : "Osaka Souveniers Co.",
		"contactLastName" : "Kentary",
		"contactFirstName" : "Mory",
		"addressLine1" : "1-6-20 Dojima",
		"city" : "Kita-ku",
		"state" : "Osaka",
		"postalCode" : " 530-0003",
		"country" : "Japan",
		"salesRepEmployeeNumber" : 1621,
		"creditLimit" : 81200
	},
	{
		"customer_key" : 28,
		"customer_id" : 181,
		"customerName" : "Vitachrome Inc.",
		"contactLastName" : "Frick",
		"contactFirstName" : "Michael",
		"addressLine1" : "2678 Kingston Rd.",
		"city" : "NYC",
		"state" : "NY",
		"postalCode" : "10022",
		"country" : "USA",
		"salesRepEmployeeNumber" : 1286,
		"creditLimit" : 76400
	},
	{
		"customer_key" : 29,
		"customer_id" : 186,
		"customerName" : "Toys of Finland, Co.",
		"contactLastName" : "Karttunen",
		"contactFirstName" : "Matti",
		"addressLine1" : "Keskuskatu 45",
		"city" : "Helsinki",
		"state" : null,
		"postalCode" : "21240",
		"country" : "Finland",
		"salesRepEmployeeNumber" : 1501,
		"creditLimit" : 96500
	},
	{
		"customer_key" : 30,
		"customer_id" : 187,
		"customerName" : "AV Stores, Co.",
		"contactLastName" : "Ashworth",
		"contactFirstName" : "Rachel",
		"addressLine1" : "Fauntleroy Circus",
		"city" : "Manchester",
		"state" : null,
		"postalCode" : "EC2 5NT",
		"country" : "UK",
		"salesRepEmployeeNumber" : 1501,
		"creditLimit" : 136800
	},
	{
		"customer_key" : 31,
		"customer_id" : 189,
		"customerName" : "Clover Collections, Co.",
		"contactLastName" : "Cassidy",
		"contactFirstName" : "Dean",
		"addressLine1" : "25 Maiden Lane",
		"city" : "Dublin",
		"state" : null,
		"postalCode" : "2",
		"country" : "Ireland",
		"salesRepEmployeeNumber" : 1504,
		"creditLimit" : 69400
	},
	{
		"customer_key" : 32,
		"customer_id" : 198,
		"customerName" : "Auto-Moto Classics Inc.",
		"contactLastName" : "Taylor",
		"contactFirstName" : "Leslie",
		"addressLine1" : "16780 Pompton St.",
		"city" : "Brickhaven",
		"state" : "MA",
		"postalCode" : "58339",
		"country" : "USA",
		"salesRepEmployeeNumber" : 1216,
		"creditLimit" : 23000
	},
	{
		"customer_key" : 33,
		"customer_id" : 201,
		"customerName" : "UK Collectables, Ltd.",
		"contactLastName" : "Devon",
		"contactFirstName" : "Elizabeth",
		"addressLine1" : "12, Berkeley Gardens Blvd",
		"city" : "Liverpool",
		"state" : null,
		"postalCode" : "WX1 6LT",
		"country" : "UK",
		"salesRepEmployeeNumber" : 1501,
		"creditLimit" : 92700
	},
	{
		"customer_key" : 34,
		"customer_id" : 202,
		"customerName" : "Canadian Gift Exchange Network",
		"contactLastName" : "Tamuri",
		"contactFirstName" : "Yoshi ",
		"addressLine1" : "1900 Oak St.",
		"city" : "Vancouver",
		"state" : "BC",
		"postalCode" : "V3F 2K1",
		"country" : "Canada",
		"salesRepEmployeeNumber" : 1323,
		"creditLimit" : 90300
	},
	{
		"customer_key" : 35,
		"customer_id" : 204,
		"customerName" : "Online Mini Collectables",
		"contactLastName" : "Barajas",
		"contactFirstName" : "Miguel",
		"addressLine1" : "7635 Spinnaker Dr.",
		"city" : "Brickhaven",
		"state" : "MA",
		"postalCode" : "58339",
		"country" : "USA",
		"salesRepEmployeeNumber" : 1188,
		"creditLimit" : 68700
	},
	{
		"customer_key" : 36,
		"customer_id" : 205,
		"customerName" : "Toys4GrownUps.com",
		"contactLastName" : "Young",
		"contactFirstName" : "Julie",
		"addressLine1" : "78934 Hillside Dr.",
		"city" : "Pasadena",
		"state" : "CA",
		"postalCode" : "90003",
		"country" : "USA",
		"salesRepEmployeeNumber" : 1166,
		"creditLimit" : 90700
	},
	{
		"customer_key" : 37,
		"customer_id" : 206,
		"customerName" : "Asian Shopping Network, Co",
		"contactLastName" : "Walker",
		"contactFirstName" : "Brydey",
		"addressLine1" : "Suntec Tower Three",
		"city" : "Singapore",
		"state" : null,
		"postalCode" : "038988",
		"country" : "Singapore",
		"salesRepEmployeeNumber" : null,
		"creditLimit" : 0
	},
	{
		"customer_key" : 38,
		"customer_id" : 209,
		"customerName" : "Mini Caravy",
		"contactLastName" : "Citeaux",
		"contactFirstName" : "Frédérique ",
		"addressLine1" : "24, place Kléber",
		"city" : "Strasbourg",
		"state" : null,
		"postalCode" : "67000",
		"country" : "France",
		"salesRepEmployeeNumber" : 1370,
		"creditLimit" : 53800
	},
	{
		"customer_key" : 39,
		"customer_id" : 211,
		"customerName" : "King Kong Collectables, Co.",
		"contactLastName" : "Gao",
		"contactFirstName" : "Mike",
		"addressLine1" : "Bank of China Tower",
		"city" : "Central Hong Kong",
		"state" : null,
		"postalCode" : null,
		"country" : "Hong Kong",
		"salesRepEmployeeNumber" : 1621,
		"creditLimit" : 58600
	},
	{
		"customer_key" : 40,
		"customer_id" : 216,
		"customerName" : "Enaco Distributors",
		"contactLastName" : "Saavedra",
		"contactFirstName" : "Eduardo ",
		"addressLine1" : "Rambla de Cataluña, 23",
		"city" : "Barcelona",
		"state" : null,
		"postalCode" : "08022",
		"country" : "Spain",
		"salesRepEmployeeNumber" : 1702,
		"creditLimit" : 60300
	},
	{
		"customer_key" : 41,
		"customer_id" : 219,
		"customerName" : "Boards & Toys Co.",
		"contactLastName" : "Young",
		"contactFirstName" : "Mary",
		"addressLine1" : "4097 Douglas Av.",
		"city" : "Glendale",
		"state" : "CA",
		"postalCode" : "92561",
		"country" : "USA",
		"salesRepEmployeeNumber" : 1166,
		"creditLimit" : 11000
	},
	{
		"customer_key" : 42,
		"customer_id" : 223,
		"customerName" : "Natürlich Autos",
		"contactLastName" : "Kloss",
		"contactFirstName" : "Horst ",
		"addressLine1" : "Taucherstraße 10",
		"city" : "Cunewalde",
		"state" : null,
		"postalCode" : "01307",
		"country" : "Germany",
		"salesRepEmployeeNumber" : null,
		"creditLimit" : 0
	},
	{
		"customer_key" : 43,
		"customer_id" : 227,
		"customerName" : "Heintze Collectables",
		"contactLastName" : "Ibsen",
		"contactFirstName" : "Palle",
		"addressLine1" : "Smagsloget 45",
		"city" : "Århus",
		"state" : null,
		"postalCode" : "8200",
		"country" : "Denmark",
		"salesRepEmployeeNumber" : 1401,
		"creditLimit" : 120800
	},
	{
		"customer_key" : 44,
		"customer_id" : 233,
		"customerName" : "Québec Home Shopping Network",
		"contactLastName" : "Fresnière",
		"contactFirstName" : "Jean ",
		"addressLine1" : "43 rue St. Laurent",
		"city" : "Montréal",
		"state" : "Québec",
		"postalCode" : "H1J 1C3",
		"country" : "Canada",
		"salesRepEmployeeNumber" : 1286,
		"creditLimit" : 48700
	},
	{
		"customer_key" : 45,
		"customer_id" : 237,
		"customerName" : "ANG Resellers",
		"contactLastName" : "Camino",
		"contactFirstName" : "Alejandra ",
		"addressLine1" : "Gran Vía, 1",
		"city" : "Madrid",
		"state" : null,
		"postalCode" : "28001",
		"country" : "Spain",
		"salesRepEmployeeNumber" : null,
		"creditLimit" : 0
	},
	{
		"customer_key" : 46,
		"customer_id" : 239,
		"customerName" : "Collectable Mini Designs Co.",
		"contactLastName" : "Thompson",
		"contactFirstName" : "Valarie",
		"addressLine1" : "361 Furth Circle",
		"city" : "San Diego",
		"state" : "CA",
		"postalCode" : "91217",
		"country" : "USA",
		"salesRepEmployeeNumber" : 1166,
		"creditLimit" : 105000
	},
	{
		"customer_key" : 47,
		"customer_id" : 240,
		"customerName" : "giftsbymail.co.uk",
		"contactLastName" : "Bennett",
		"contactFirstName" : "Helen ",
		"addressLine1" : "Garden House",
		"city" : "Cowes",
		"state" : "Isle of Wight",
		"postalCode" : "PO31 7PJ",
		"country" : "UK",
		"salesRepEmployeeNumber" : 1501,
		"creditLimit" : 93900
	},
	{
		"customer_key" : 48,
		"customer_id" : 242,
		"customerName" : "Alpha Cognac",
		"contactLastName" : "Roulet",
		"contactFirstName" : "Annette ",
		"addressLine1" : "1 rue Alsace-Lorraine",
		"city" : "Toulouse",
		"state" : null,
		"postalCode" : "31000",
		"country" : "France",
		"salesRepEmployeeNumber" : 1370,
		"creditLimit" : 61100
	},
	{
		"customer_key" : 49,
		"customer_id" : 247,
		"customerName" : "Messner Shopping Network",
		"contactLastName" : "Messner",
		"contactFirstName" : "Renate ",
		"addressLine1" : "Magazinweg 7",
		"city" : "Frankfurt",
		"state" : null,
		"postalCode" : "60528",
		"country" : "Germany",
		"salesRepEmployeeNumber" : null,
		"creditLimit" : 0
	},
	{
		"customer_key" : 50,
		"customer_id" : 249,
		"customerName" : "Amica Models & Co.",
		"contactLastName" : "Accorti",
		"contactFirstName" : "Paolo ",
		"addressLine1" : "Via Monte Bianco 34",
		"city" : "Torino",
		"state" : null,
		"postalCode" : "10100",
		"country" : "Italy",
		"salesRepEmployeeNumber" : 1401,
		"creditLimit" : 113000
	},
	{
		"customer_key" : 51,
		"customer_id" : 250,
		"customerName" : "Lyon Souveniers",
		"contactLastName" : "Da Silva",
		"contactFirstName" : "Daniel",
		"addressLine1" : "27 rue du Colonel Pierre Avia",
		"city" : "Paris",
		"state" : null,
		"postalCode" : "75508",
		"country" : "France",
		"salesRepEmployeeNumber" : 1337,
		"creditLimit" : 68100
	},
	{
		"customer_key" : 52,
		"customer_id" : 256,
		"customerName" : "Auto Associés & Cie.",
		"contactLastName" : "Tonini",
		"contactFirstName" : "Daniel ",
		"addressLine1" : "67, avenue de l'Europe",
		"city" : "Versailles",
		"state" : null,
		"postalCode" : "78000",
		"country" : "France",
		"salesRepEmployeeNumber" : 1370,
		"creditLimit" : 77900
	},
	{
		"customer_key" : 53,
		"customer_id" : 259,
		"customerName" : "Toms Spezialitäten, Ltd",
		"contactLastName" : "Pfalzheim",
		"contactFirstName" : "Henriette ",
		"addressLine1" : "Mehrheimerstr. 369",
		"city" : "Köln",
		"state" : null,
		"postalCode" : "50739",
		"country" : "Germany",
		"salesRepEmployeeNumber" : 1504,
		"creditLimit" : 120400
	},
	{
		"customer_key" : 54,
		"customer_id" : 260,
		"customerName" : "Royal Canadian Collectables, Ltd.",
		"contactLastName" : "Lincoln",
		"contactFirstName" : "Elizabeth ",
		"addressLine1" : "23 Tsawassen Blvd.",
		"city" : "Tsawassen",
		"state" : "BC",
		"postalCode" : "T2F 8M4",
		"country" : "Canada",
		"salesRepEmployeeNumber" : 1323,
		"creditLimit" : 89600
	},
	{
		"customer_key" : 55,
		"customer_id" : 273,
		"customerName" : "Franken Gifts, Co",
		"contactLastName" : "Franken",
		"contactFirstName" : "Peter ",
		"addressLine1" : "Berliner Platz 43",
		"city" : "München",
		"state" : null,
		"postalCode" : "80805",
		"country" : "Germany",
		"salesRepEmployeeNumber" : null,
		"creditLimit" : 0
	},
	{
		"customer_key" : 56,
		"customer_id" : 276,
		"customerName" : "Anna's Decorations, Ltd",
		"contactLastName" : "O'Hara",
		"contactFirstName" : "Anna",
		"addressLine1" : "201 Miller Street",
		"city" : "North Sydney",
		"state" : "NSW",
		"postalCode" : "2060",
		"country" : "Australia",
		"salesRepEmployeeNumber" : 1611,
		"creditLimit" : 107800
	},
	{
		"customer_key" : 57,
		"customer_id" : 278,
		"customerName" : "Rovelli Gifts",
		"contactLastName" : "Rovelli",
		"contactFirstName" : "Giovanni ",
		"addressLine1" : "Via Ludovico il Moro 22",
		"city" : "Bergamo",
		"state" : null,
		"postalCode" : "24100",
		"country" : "Italy",
		"salesRepEmployeeNumber" : 1401,
		"creditLimit" : 119600
	},
	{
		"customer_key" : 58,
		"customer_id" : 282,
		"customerName" : "Souveniers And Things Co.",
		"contactLastName" : "Huxley",
		"contactFirstName" : "Adrian",
		"addressLine1" : "Monitor Money Building",
		"city" : "Chatswood",
		"state" : "NSW",
		"postalCode" : "2067",
		"country" : "Australia",
		"salesRepEmployeeNumber" : 1611,
		"creditLimit" : 93300
	},
	{
		"customer_key" : 59,
		"customer_id" : 286,
		"customerName" : "Marta's Replicas Co.",
		"contactLastName" : "Hernandez",
		"contactFirstName" : "Marta",
		"addressLine1" : "39323 Spinnaker Dr.",
		"city" : "Cambridge",
		"state" : "MA",
		"postalCode" : "51247",
		"country" : "USA",
		"salesRepEmployeeNumber" : 1216,
		"creditLimit" : 123700
	},
	{
		"customer_key" : 60,
		"customer_id" : 293,
		"customerName" : "BG&E Collectables",
		"contactLastName" : "Harrison",
		"contactFirstName" : "Ed",
		"addressLine1" : "Rte des Arsenaux 41 ",
		"city" : "Fribourg",
		"state" : null,
		"postalCode" : "1700",
		"country" : "Switzerland",
		"salesRepEmployeeNumber" : null,
		"creditLimit" : 0
	},
	{
		"customer_key" : 61,
		"customer_id" : 298,
		"customerName" : "Vida Sport, Ltd",
		"contactLastName" : "Holz",
		"contactFirstName" : "Mihael",
		"addressLine1" : "Grenzacherweg 237",
		"city" : "Genève",
		"state" : null,
		"postalCode" : "1203",
		"country" : "Switzerland",
		"salesRepEmployeeNumber" : 1702,
		"creditLimit" : 141300
	},
	{
		"customer_key" : 62,
		"customer_id" : 299,
		"customerName" : "Norway Gifts By Mail, Co.",
		"contactLastName" : "Klaeboe",
		"contactFirstName" : "Jan",
		"addressLine1" : "Drammensveien 126A",
		"city" : "Oslo",
		"state" : null,
		"postalCode" : "N 0106",
		"country" : "Norway  ",
		"salesRepEmployeeNumber" : 1504,
		"creditLimit" : 95100
	},
	{
		"customer_key" : 63,
		"customer_id" : 303,
		"customerName" : "Schuyler Imports",
		"contactLastName" : "Schuyler",
		"contactFirstName" : "Bradley",
		"addressLine1" : "Kingsfordweg 151",
		"city" : "Amsterdam",
		"state" : null,
		"postalCode" : "1043 GR",
		"country" : "Netherlands",
		"salesRepEmployeeNumber" : null,
		"creditLimit" : 0
	},
	{
		"customer_key" : 64,
		"customer_id" : 307,
		"customerName" : "Der Hund Imports",
		"contactLastName" : "Andersen",
		"contactFirstName" : "Mel",
		"addressLine1" : "Obere Str. 57",
		"city" : "Berlin",
		"state" : null,
		"postalCode" : "12209",
		"country" : "Germany",
		"salesRepEmployeeNumber" : null,
		"creditLimit" : 0
	},
	{
		"customer_key" : 65,
		"customer_id" : 311,
		"customerName" : "Oulu Toy Supplies, Inc.",
		"contactLastName" : "Koskitalo",
		"contactFirstName" : "Pirkko",
		"addressLine1" : "Torikatu 38",
		"city" : "Oulu",
		"state" : null,
		"postalCode" : "90110",
		"country" : "Finland",
		"salesRepEmployeeNumber" : 1501,
		"creditLimit" : 90500
	},
	{
		"customer_key" : 66,
		"customer_id" : 314,
		"customerName" : "Petit Auto",
		"contactLastName" : "Dewey",
		"contactFirstName" : "Catherine ",
		"addressLine1" : "Rue Joseph-Bens 532",
		"city" : "Bruxelles",
		"state" : null,
		"postalCode" : "B-1180",
		"country" : "Belgium",
		"salesRepEmployeeNumber" : 1401,
		"creditLimit" : 79900
	},
	{
		"customer_key" : 67,
		"customer_id" : 319,
		"customerName" : "Mini Classics",
		"contactLastName" : "Frick",
		"contactFirstName" : "Steve",
		"addressLine1" : "3758 North Pendale Street",
		"city" : "White Plains",
		"state" : "NY",
		"postalCode" : "24067",
		"country" : "USA",
		"salesRepEmployeeNumber" : 1323,
		"creditLimit" : 102700
	},
	{
		"customer_key" : 68,
		"customer_id" : 320,
		"customerName" : "Mini Creations Ltd.",
		"contactLastName" : "Huang",
		"contactFirstName" : "Wing",
		"addressLine1" : "4575 Hillside Dr.",
		"city" : "New Bedford",
		"state" : "MA",
		"postalCode" : "50553",
		"country" : "USA",
		"salesRepEmployeeNumber" : 1188,
		"creditLimit" : 94500
	},
	{
		"customer_key" : 69,
		"customer_id" : 321,
		"customerName" : "Corporate Gift Ideas Co.",
		"contactLastName" : "Brown",
		"contactFirstName" : "Julie",
		"addressLine1" : "7734 Strong St.",
		"city" : "San Francisco",
		"state" : "CA",
		"postalCode" : "94217",
		"country" : "USA",
		"salesRepEmployeeNumber" : 1165,
		"creditLimit" : 105000
	},
	{
		"customer_key" : 70,
		"customer_id" : 323,
		"customerName" : "Down Under Souveniers, Inc",
		"contactLastName" : "Graham",
		"contactFirstName" : "Mike",
		"addressLine1" : "162-164 Grafton Road",
		"city" : "Auckland  ",
		"state" : null,
		"postalCode" : null,
		"country" : "New Zealand",
		"salesRepEmployeeNumber" : 1612,
		"creditLimit" : 88000
	},
	{
		"customer_key" : 71,
		"customer_id" : 324,
		"customerName" : "Stylish Desk Decors, Co.",
		"contactLastName" : "Brown",
		"contactFirstName" : "Ann ",
		"addressLine1" : "35 King George",
		"city" : "London",
		"state" : null,
		"postalCode" : "WX3 6FW",
		"country" : "UK",
		"salesRepEmployeeNumber" : 1501,
		"creditLimit" : 77000
	},
	{
		"customer_key" : 72,
		"customer_id" : 328,
		"customerName" : "Tekni Collectables Inc.",
		"contactLastName" : "Brown",
		"contactFirstName" : "William",
		"addressLine1" : "7476 Moss Rd.",
		"city" : "Newark",
		"state" : "NJ",
		"postalCode" : "94019",
		"country" : "USA",
		"salesRepEmployeeNumber" : 1323,
		"creditLimit" : 43000
	},
	{
		"customer_key" : 73,
		"customer_id" : 333,
		"customerName" : "Australian Gift Network, Co",
		"contactLastName" : "Calaghan",
		"contactFirstName" : "Ben",
		"addressLine1" : "31 Duncan St. West End",
		"city" : "South Brisbane",
		"state" : "Queensland",
		"postalCode" : "4101",
		"country" : "Australia",
		"salesRepEmployeeNumber" : 1611,
		"creditLimit" : 51600
	},
	{
		"customer_key" : 74,
		"customer_id" : 334,
		"customerName" : "Suominen Souveniers",
		"contactLastName" : "Suominen",
		"contactFirstName" : "Kalle",
		"addressLine1" : "Software Engineering Center",
		"city" : "Espoo",
		"state" : null,
		"postalCode" : "FIN-02271",
		"country" : "Finland",
		"salesRepEmployeeNumber" : 1501,
		"creditLimit" : 98800
	},
	{
		"customer_key" : 75,
		"customer_id" : 335,
		"customerName" : "Cramer Spezialitäten, Ltd",
		"contactLastName" : "Cramer",
		"contactFirstName" : "Philip ",
		"addressLine1" : "Maubelstr. 90",
		"city" : "Brandenburg",
		"state" : null,
		"postalCode" : "14776",
		"country" : "Germany",
		"salesRepEmployeeNumber" : null,
		"creditLimit" : 0
	},
	{
		"customer_key" : 76,
		"customer_id" : 339,
		"customerName" : "Classic Gift Ideas, Inc",
		"contactLastName" : "Cervantes",
		"contactFirstName" : "Francisca",
		"addressLine1" : "782 First Street",
		"city" : "Philadelphia",
		"state" : "PA",
		"postalCode" : "71270",
		"country" : "USA",
		"salesRepEmployeeNumber" : 1188,
		"creditLimit" : 81100
	},
	{
		"customer_key" : 77,
		"customer_id" : 344,
		"customerName" : "CAF Imports",
		"contactLastName" : "Fernandez",
		"contactFirstName" : "Jesus",
		"addressLine1" : "Merchants House",
		"city" : "Madrid",
		"state" : null,
		"postalCode" : "28023",
		"country" : "Spain",
		"salesRepEmployeeNumber" : 1702,
		"creditLimit" : 59600
	},
	{
		"customer_key" : 78,
		"customer_id" : 347,
		"customerName" : "Men 'R' US Retailers, Ltd.",
		"contactLastName" : "Chandler",
		"contactFirstName" : "Brian",
		"addressLine1" : "6047 Douglas Av.",
		"city" : "Los Angeles",
		"state" : "CA",
		"postalCode" : "91003",
		"country" : "USA",
		"salesRepEmployeeNumber" : 1166,
		"creditLimit" : 57700
	},
	{
		"customer_key" : 79,
		"customer_id" : 348,
		"customerName" : "Asian Treasures, Inc.",
		"contactLastName" : "McKenna",
		"contactFirstName" : "Patricia ",
		"addressLine1" : "8 Johnstown Road",
		"city" : "Cork",
		"state" : "Co. Cork",
		"postalCode" : null,
		"country" : "Ireland",
		"salesRepEmployeeNumber" : null,
		"creditLimit" : 0
	},
	{
		"customer_key" : 80,
		"customer_id" : 350,
		"customerName" : "Marseille Mini Autos",
		"contactLastName" : "Lebihan",
		"contactFirstName" : "Laurence ",
		"addressLine1" : "12, rue des Bouchers",
		"city" : "Marseille",
		"state" : null,
		"postalCode" : "13008",
		"country" : "France",
		"salesRepEmployeeNumber" : 1337,
		"creditLimit" : 65000
	},
	{
		"customer_key" : 81,
		"customer_id" : 353,
		"customerName" : "Reims Collectables",
		"contactLastName" : "Henriot",
		"contactFirstName" : "Paul ",
		"addressLine1" : "59 rue de l'Abbaye",
		"city" : "Reims",
		"state" : null,
		"postalCode" : "51100",
		"country" : "France",
		"salesRepEmployeeNumber" : 1337,
		"creditLimit" : 81100
	},
	{
		"customer_key" : 82,
		"customer_id" : 356,
		"customerName" : "SAR Distributors, Co",
		"contactLastName" : "Kuger",
		"contactFirstName" : "Armand",
		"addressLine1" : "1250 Pretorius Street",
		"city" : "Hatfield",
		"state" : "Pretoria",
		"postalCode" : "0028",
		"country" : "South Africa",
		"salesRepEmployeeNumber" : null,
		"creditLimit" : 0
	},
	{
		"customer_key" : 83,
		"customer_id" : 357,
		"customerName" : "GiftsForHim.com",
		"contactLastName" : "MacKinlay",
		"contactFirstName" : "Wales",
		"addressLine1" : "199 Great North Road",
		"city" : "Auckland",
		"state" : null,
		"postalCode" : null,
		"country" : "New Zealand",
		"salesRepEmployeeNumber" : 1612,
		"creditLimit" : 77700
	},
	{
		"customer_key" : 84,
		"customer_id" : 361,
		"customerName" : "Kommission Auto",
		"contactLastName" : "Josephs",
		"contactFirstName" : "Karin",
		"addressLine1" : "Luisenstr. 48",
		"city" : "Münster",
		"state" : null,
		"postalCode" : "44087",
		"country" : "Germany",
		"salesRepEmployeeNumber" : null,
		"creditLimit" : 0
	},
	{
		"customer_key" : 85,
		"customer_id" : 362,
		"customerName" : "Gifts4AllAges.com",
		"contactLastName" : "Yoshido",
		"contactFirstName" : "Juri",
		"addressLine1" : "8616 Spinnaker Dr.",
		"city" : "Boston",
		"state" : "MA",
		"postalCode" : "51003",
		"country" : "USA",
		"salesRepEmployeeNumber" : 1216,
		"creditLimit" : 41900
	},
	{
		"customer_key" : 86,
		"customer_id" : 363,
		"customerName" : "Online Diecast Creations Co.",
		"contactLastName" : "Young",
		"contactFirstName" : "Dorothy",
		"addressLine1" : "2304 Long Airport Avenue",
		"city" : "Nashua",
		"state" : "NH",
		"postalCode" : "62005",
		"country" : "USA",
		"salesRepEmployeeNumber" : 1216,
		"creditLimit" : 114200
	},
	{
		"customer_key" : 87,
		"customer_id" : 369,
		"customerName" : "Lisboa Souveniers, Inc",
		"contactLastName" : "Rodriguez",
		"contactFirstName" : "Lino ",
		"addressLine1" : "Jardim das rosas n. 32",
		"city" : "Lisboa",
		"state" : null,
		"postalCode" : "1675",
		"country" : "Portugal",
		"salesRepEmployeeNumber" : null,
		"creditLimit" : 0
	},
	{
		"customer_key" : 88,
		"customer_id" : 376,
		"customerName" : "Precious Collectables",
		"contactLastName" : "Urs",
		"contactFirstName" : "Braun",
		"addressLine1" : "Hauptstr. 29",
		"city" : "Bern",
		"state" : null,
		"postalCode" : "3012",
		"country" : "Switzerland",
		"salesRepEmployeeNumber" : 1702,
		"creditLimit" : 0
	},
	{
		"customer_key" : 89,
		"customer_id" : 379,
		"customerName" : "Collectables For Less Inc.",
		"contactLastName" : "Nelson",
		"contactFirstName" : "Allen",
		"addressLine1" : "7825 Douglas Av.",
		"city" : "Brickhaven",
		"state" : "MA",
		"postalCode" : "58339",
		"country" : "USA",
		"salesRepEmployeeNumber" : 1188,
		"creditLimit" : 70700
	},
	{
		"customer_key" : 90,
		"customer_id" : 381,
		"customerName" : "Royale Belge",
		"contactLastName" : "Cartrain",
		"contactFirstName" : "Pascale ",
		"addressLine1" : "Boulevard Tirou, 255",
		"city" : "Charleroi",
		"state" : null,
		"postalCode" : "B-6000",
		"country" : "Belgium",
		"salesRepEmployeeNumber" : 1401,
		"creditLimit" : 23500
	},
	{
		"customer_key" : 91,
		"customer_id" : 382,
		"customerName" : "Salzburg Collectables",
		"contactLastName" : "Pipps",
		"contactFirstName" : "Georg ",
		"addressLine1" : "Geislweg 14",
		"city" : "Salzburg",
		"state" : null,
		"postalCode" : "5020",
		"country" : "Austria",
		"salesRepEmployeeNumber" : 1401,
		"creditLimit" : 71700
	},
	{
		"customer_key" : 92,
		"customer_id" : 385,
		"customerName" : "Cruz & Sons Co.",
		"contactLastName" : "Cruz",
		"contactFirstName" : "Arnold",
		"addressLine1" : "15 McCallum Street",
		"city" : "Makati City",
		"state" : null,
		"postalCode" : "1227 MM",
		"country" : "Philippines",
		"salesRepEmployeeNumber" : 1621,
		"creditLimit" : 81500
	},
	{
		"customer_key" : 93,
		"customer_id" : 386,
		"customerName" : "L'ordine Souveniers",
		"contactLastName" : "Moroni",
		"contactFirstName" : "Maurizio ",
		"addressLine1" : "Strada Provinciale 124",
		"city" : "Reggio Emilia",
		"state" : null,
		"postalCode" : "42100",
		"country" : "Italy",
		"salesRepEmployeeNumber" : 1401,
		"creditLimit" : 121400
	},
	{
		"customer_key" : 94,
		"customer_id" : 398,
		"customerName" : "Tokyo Collectables, Ltd",
		"contactLastName" : "Shimamura",
		"contactFirstName" : "Akiko",
		"addressLine1" : "2-2-8 Roppongi",
		"city" : "Minato-ku",
		"state" : "Tokyo",
		"postalCode" : "106-0032",
		"country" : "Japan",
		"salesRepEmployeeNumber" : 1621,
		"creditLimit" : 94400
	},
	{
		"customer_key" : 95,
		"customer_id" : 406,
		"customerName" : "Auto Canal+ Petit",
		"contactLastName" : "Perrier",
		"contactFirstName" : "Dominique",
		"addressLine1" : "25, rue Lauriston",
		"city" : "Paris",
		"state" : null,
		"postalCode" : "75016",
		"country" : "France",
		"salesRepEmployeeNumber" : 1337,
		"creditLimit" : 95000
	},
	{
		"customer_key" : 96,
		"customer_id" : 409,
		"customerName" : "Stuttgart Collectable Exchange",
		"contactLastName" : "Müller",
		"contactFirstName" : "Rita ",
		"addressLine1" : "Adenauerallee 900",
		"city" : "Stuttgart",
		"state" : null,
		"postalCode" : "70563",
		"country" : "Germany",
		"salesRepEmployeeNumber" : null,
		"creditLimit" : 0
	},
	{
		"customer_key" : 97,
		"customer_id" : 412,
		"customerName" : "Extreme Desk Decorations, Ltd",
		"contactLastName" : "McRoy",
		"contactFirstName" : "Sarah",
		"addressLine1" : "101 Lambton Quay",
		"city" : "Wellington",
		"state" : null,
		"postalCode" : null,
		"country" : "New Zealand",
		"salesRepEmployeeNumber" : 1612,
		"creditLimit" : 86800
	},
	{
		"customer_key" : 98,
		"customer_id" : 415,
		"customerName" : "Bavarian Collectables Imports, Co.",
		"contactLastName" : "Donnermeyer",
		"contactFirstName" : "Michael",
		"addressLine1" : "Hansastr. 15",
		"city" : "Munich",
		"state" : null,
		"postalCode" : "80686",
		"country" : "Germany",
		"salesRepEmployeeNumber" : 1504,
		"creditLimit" : 77000
	},
	{
		"customer_key" : 99,
		"customer_id" : 424,
		"customerName" : "Classic Legends Inc.",
		"contactLastName" : "Hernandez",
		"contactFirstName" : "Maria",
		"addressLine1" : "5905 Pompton St.",
		"city" : "NYC",
		"state" : "NY",
		"postalCode" : "10022",
		"country" : "USA",
		"salesRepEmployeeNumber" : 1286,
		"creditLimit" : 67500
	},
	{
		"customer_key" : 100,
		"customer_id" : 443,
		"customerName" : "Feuer Online Stores, Inc",
		"contactLastName" : "Feuer",
		"contactFirstName" : "Alexander ",
		"addressLine1" : "Heerstr. 22",
		"city" : "Leipzig",
		"state" : null,
		"postalCode" : "04179",
		"country" : "Germany",
		"salesRepEmployeeNumber" : null,
		"creditLimit" : 0
	},
	{
		"customer_key" : 101,
		"customer_id" : 447,
		"customerName" : "Gift Ideas Corp.",
		"contactLastName" : "Lewis",
		"contactFirstName" : "Dan",
		"addressLine1" : "2440 Pompton St.",
		"city" : "Glendale",
		"state" : "CT",
		"postalCode" : "97561",
		"country" : "USA",
		"salesRepEmployeeNumber" : 1323,
		"creditLimit" : 49700
	},
	{
		"customer_key" : 102,
		"customer_id" : 448,
		"customerName" : "Scandinavian Gift Ideas",
		"contactLastName" : "Larsson",
		"contactFirstName" : "Martha",
		"addressLine1" : "Åkergatan 24",
		"city" : "Bräcke",
		"state" : null,
		"postalCode" : "S-844 67",
		"country" : "Sweden",
		"salesRepEmployeeNumber" : 1504,
		"creditLimit" : 116400
	},
	{
		"customer_key" : 103,
		"customer_id" : 450,
		"customerName" : "The Sharp Gifts Warehouse",
		"contactLastName" : "Frick",
		"contactFirstName" : "Sue",
		"addressLine1" : "3086 Ingle Ln.",
		"city" : "San Jose",
		"state" : "CA",
		"postalCode" : "94217",
		"country" : "USA",
		"salesRepEmployeeNumber" : 1165,
		"creditLimit" : 77600
	},
	{
		"customer_key" : 104,
		"customer_id" : 452,
		"customerName" : "Mini Auto Werke",
		"contactLastName" : "Mendel",
		"contactFirstName" : "Roland ",
		"addressLine1" : "Kirchgasse 6",
		"city" : "Graz",
		"state" : null,
		"postalCode" : "8010",
		"country" : "Austria",
		"salesRepEmployeeNumber" : 1401,
		"creditLimit" : 45300
	},
	{
		"customer_key" : 105,
		"customer_id" : 455,
		"customerName" : "Super Scale Inc.",
		"contactLastName" : "Murphy",
		"contactFirstName" : "Leslie",
		"addressLine1" : "567 North Pendale Street",
		"city" : "New Haven",
		"state" : "CT",
		"postalCode" : "97823",
		"country" : "USA",
		"salesRepEmployeeNumber" : 1286,
		"creditLimit" : 95400
	},
	{
		"customer_key" : 106,
		"customer_id" : 456,
		"customerName" : "Microscale Inc.",
		"contactLastName" : "Choi",
		"contactFirstName" : "Yu",
		"addressLine1" : "5290 North Pendale Street",
		"city" : "NYC",
		"state" : "NY",
		"postalCode" : "10022",
		"country" : "USA",
		"salesRepEmployeeNumber" : 1286,
		"creditLimit" : 39800
	},
	{
		"customer_key" : 107,
		"customer_id" : 458,
		"customerName" : "Corrida Auto Replicas, Ltd",
		"contactLastName" : "Sommer",
		"contactFirstName" : "Martín ",
		"addressLine1" : "C/ Araquil, 67",
		"city" : "Madrid",
		"state" : null,
		"postalCode" : "28023",
		"country" : "Spain",
		"salesRepEmployeeNumber" : 1702,
		"creditLimit" : 104600
	},
	{
		"customer_key" : 108,
		"customer_id" : 459,
		"customerName" : "Warburg Exchange",
		"contactLastName" : "Ottlieb",
		"contactFirstName" : "Sven ",
		"addressLine1" : "Walserweg 21",
		"city" : "Aachen",
		"state" : null,
		"postalCode" : "52066",
		"country" : "Germany",
		"salesRepEmployeeNumber" : null,
		"creditLimit" : 0
	},
	{
		"customer_key" : 109,
		"customer_id" : 462,
		"customerName" : "FunGiftIdeas.com",
		"contactLastName" : "Benitez",
		"contactFirstName" : "Violeta",
		"addressLine1" : "1785 First Street",
		"city" : "New Bedford",
		"state" : "MA",
		"postalCode" : "50553",
		"country" : "USA",
		"salesRepEmployeeNumber" : 1216,
		"creditLimit" : 85800
	},
	{
		"customer_key" : 110,
		"customer_id" : 465,
		"customerName" : "Anton Designs, Ltd.",
		"contactLastName" : "Anton",
		"contactFirstName" : "Carmen",
		"addressLine1" : "c/ Gobelas, 19-1 Urb. La Florida",
		"city" : "Madrid",
		"state" : null,
		"postalCode" : "28023",
		"country" : "Spain",
		"salesRepEmployeeNumber" : null,
		"creditLimit" : 0
	},
	{
		"customer_key" : 111,
		"customer_id" : 471,
		"customerName" : "Australian Collectables, Ltd",
		"contactLastName" : "Clenahan",
		"contactFirstName" : "Sean",
		"addressLine1" : "7 Allen Street",
		"city" : "Glen Waverly",
		"state" : "Victoria",
		"postalCode" : "3150",
		"country" : "Australia",
		"salesRepEmployeeNumber" : 1611,
		"creditLimit" : 60300
	},
	{
		"customer_key" : 112,
		"customer_id" : 473,
		"customerName" : "Frau da Collezione",
		"contactLastName" : "Ricotti",
		"contactFirstName" : "Franco",
		"addressLine1" : "20093 Cologno Monzese",
		"city" : "Milan",
		"state" : null,
		"postalCode" : null,
		"country" : "Italy",
		"salesRepEmployeeNumber" : 1401,
		"creditLimit" : 34800
	},
	{
		"customer_key" : 113,
		"customer_id" : 475,
		"customerName" : "West Coast Collectables Co.",
		"contactLastName" : "Thompson",
		"contactFirstName" : "Steve",
		"addressLine1" : "3675 Furth Circle",
		"city" : "Burbank",
		"state" : "CA",
		"postalCode" : "94019",
		"country" : "USA",
		"salesRepEmployeeNumber" : 1166,
		"creditLimit" : 55400
	},
	{
		"customer_key" : 114,
		"customer_id" : 477,
		"customerName" : "Mit Vergnügen & Co.",
		"contactLastName" : "Moos",
		"contactFirstName" : "Hanna ",
		"addressLine1" : "Forsterstr. 57",
		"city" : "Mannheim",
		"state" : null,
		"postalCode" : "68306",
		"country" : "Germany",
		"salesRepEmployeeNumber" : null,
		"creditLimit" : 0
	},
	{
		"customer_key" : 115,
		"customer_id" : 480,
		"customerName" : "Kremlin Collectables, Co.",
		"contactLastName" : "Semenov",
		"contactFirstName" : "Alexander ",
		"addressLine1" : "2 Pobedy Square",
		"city" : "Saint Petersburg",
		"state" : null,
		"postalCode" : "196143",
		"country" : "Russia",
		"salesRepEmployeeNumber" : null,
		"creditLimit" : 0
	},
	{
		"customer_key" : 116,
		"customer_id" : 481,
		"customerName" : "Raanan Stores, Inc",
		"contactLastName" : "Altagar,G M",
		"contactFirstName" : "Raanan",
		"addressLine1" : "3 Hagalim Blv.",
		"city" : "Herzlia",
		"state" : null,
		"postalCode" : "47625",
		"country" : "Israel",
		"salesRepEmployeeNumber" : null,
		"creditLimit" : 0
	},
	{
		"customer_key" : 117,
		"customer_id" : 484,
		"customerName" : "Iberia Gift Imports, Corp.",
		"contactLastName" : "Roel",
		"contactFirstName" : "José Pedro ",
		"addressLine1" : "C/ Romero, 33",
		"city" : "Sevilla",
		"state" : null,
		"postalCode" : "41101",
		"country" : "Spain",
		"salesRepEmployeeNumber" : 1702,
		"creditLimit" : 65700
	},
	{
		"customer_key" : 118,
		"customer_id" : 486,
		"customerName" : "Motor Mint Distributors Inc.",
		"contactLastName" : "Salazar",
		"contactFirstName" : "Rosa",
		"addressLine1" : "11328 Douglas Av.",
		"city" : "Philadelphia",
		"state" : "PA",
		"postalCode" : "71270",
		"country" : "USA",
		"salesRepEmployeeNumber" : 1323,
		"creditLimit" : 72600
	},
	{
		"customer_key" : 119,
		"customer_id" : 487,
		"customerName" : "Signal Collectibles Ltd.",
		"contactLastName" : "Taylor",
		"contactFirstName" : "Sue",
		"addressLine1" : "2793 Furth Circle",
		"city" : "Brisbane",
		"state" : "CA",
		"postalCode" : "94217",
		"country" : "USA",
		"salesRepEmployeeNumber" : 1165,
		"creditLimit" : 60300
	},
	{
		"customer_key" : 120,
		"customer_id" : 489,
		"customerName" : "Double Decker Gift Stores, Ltd",
		"contactLastName" : "Smith",
		"contactFirstName" : "Thomas ",
		"addressLine1" : "120 Hanover Sq.",
		"city" : "London",
		"state" : null,
		"postalCode" : "WA1 1DP",
		"country" : "UK",
		"salesRepEmployeeNumber" : 1501,
		"creditLimit" : 43300
	},
	{
		"customer_key" : 121,
		"customer_id" : 495,
		"customerName" : "Diecast Collectables",
		"contactLastName" : "Franco",
		"contactFirstName" : "Valarie",
		"addressLine1" : "6251 Ingle Ln.",
		"city" : "Boston",
		"state" : "MA",
		"postalCode" : "51003",
		"country" : "USA",
		"salesRepEmployeeNumber" : 1188,
		"creditLimit" : 85100
	},
	{
		"customer_key" : 122,
		"customer_id" : 496,
		"customerName" : "Kelly's Gift Shop",
		"contactLastName" : "Snowden",
		"contactFirstName" : "Tony",
		"addressLine1" : "Arenales 1938 3'A'",
		"city" : "Auckland  ",
		"state" : null,
		"postalCode" : null,
		"country" : "New Zealand",
		"salesRepEmployeeNumber" : 1612,
		"creditLimit" : 110000
	}
]
